unix,date,symbol,open,high,low,close,Volume ETH,Volume USDT
1734652800,2024-12-20 00:00:00,ETH/USDT,3420.7,3429.6,3411.8,3411.8,1.43730010,4903.780481180001
1734566400,2024-12-19 00:00:00,ETH/USDT,3634.8,3718.9,3328.9,3418.0,503.30845432,1720308.29686576
1734480000,2024-12-18 00:00:00,ETH/USDT,3888.0,3900.5,3617.8,3624.9,390.21697135,1414497.499446615
1734393600,2024-12-17 00:00:00,ETH/USDT,3982.6,4049.0,3849.8,3889.2,213.57246740,830626.0402120799
1734307200,2024-12-16 00:00:00,ETH/USDT,3955.5,4101.3,3888.4,3990.1,293.66573757,1171755.659478057
1734220800,2024-12-15 00:00:00,ETH/USDT,3868.7,3971.2,3834.2,3957.3,145.05961120,574044.3994017601
1734134400,2024-12-14 00:00:00,ETH/USDT,3905.7,3943.9,3829.7,3872.2,139.49798675,540164.10429335
1734048000,2024-12-13 00:00:00,ETH/USDT,3893.3,3967.6,3866.1,3911.4,192.67584235,753632.28976779
1733961600,2024-12-12 00:00:00,ETH/USDT,3832.0,3980.0,3798.6,3883.7,231.69672598,899840.574688526
1733875200,2024-12-11 00:00:00,ETH/USDT,3627.6,3846.8,3568.3,3837.0,323.98607450,1243134.5678565
1733788800,2024-12-10 00:00:00,ETH/USDT,3709.1,3776.8,3517.3,3629.4,318.50132919,1155968.724162186
1733702400,2024-12-09 00:00:00,ETH/USDT,3996.6,4000.0,3492.2,3719.5,626.52779353,2330370.128034835
1733616000,2024-12-08 00:00:00,ETH/USDT,3995.0,4013.1,3925.6,4004.5,716.75466775,2870244.067004875
1733529600,2024-12-07 00:00:00,ETH/USDT,3996.9,4023.3,3970.0,4002.4,140.54090622,562500.9230549281
1733443200,2024-12-06 00:00:00,ETH/USDT,3787.9,4082.7,3777.2,4008.9,305.23219822,1223645.359444158
1733356800,2024-12-05 00:00:00,ETH/USDT,3834.1,3950.0,3651.0,3787.1,503.30412068,1906063.0354272278
1733270400,2024-12-04 00:00:00,ETH/USDT,3617.5,3887.4,3615.4,3831.2,396.66414924,1519699.6885682878
1733184000,2024-12-03 00:00:00,ETH/USDT,3638.4,3664.5,3501.5,3613.4,303.76593803,1097627.8404776019
1733097600,2024-12-02 00:00:00,ETH/USDT,3706.8,3756.8,3556.7,3641.9,289.57681319,1054609.795956661
1733011200,2024-12-01 00:00:00,ETH/USDT,3702.8,3746.6,3661.5,3706.1,148.48077178,550284.588293858
1732924800,2024-11-30 00:00:00,ETH/USDT,3590.0,3734.5,3573.7,3708.1,116.18476856,430824.74029733596
1732838400,2024-11-29 00:00:00,ETH/USDT,3577.7,3644.2,3537.4,3598.3,264.60221218,952118.1400872939
1732752000,2024-11-28 00:00:00,ETH/USDT,3656.8,3661.3,3534.2,3581.5,1131.17302487,4051296.1885719053
1732665600,2024-11-27 00:00:00,ETH/USDT,3325.7,3681.8,3305.4,3656.3,3020.20629799,11042780.287340838
1732579200,2024-11-26 00:00:00,ETH/USDT,3412.6,3454.2,3253.5,3323.9,1870.29963392,6216688.953186688
1732492800,2024-11-25 00:00:00,ETH/USDT,3348.0,3546.4,3306.5,3413.2,545.05295311,1860374.7395550518
1732406400,2024-11-24 00:00:00,ETH/USDT,3393.5,3447.0,3281.1,3355.9,222.70615187,747379.575060533
1732320000,2024-11-23 00:00:00,ETH/USDT,3327.7,3494.7,3315.4,3387.7,286.13733072,969347.435280144
1732233600,2024-11-22 00:00:00,ETH/USDT,3359.6,3424.6,3257.5,3327.1,235.15493971,782383.999909141
1732147200,2024-11-21 00:00:00,ETH/USDT,3069.0,3382.3,3035.3,3367.8,371.38852293,1250762.267523654
1732060800,2024-11-20 00:00:00,ETH/USDT,3102.9,3151.1,3035.9,3070.0,276.95264460,850244.6189219999
1731974400,2024-11-19 00:00:00,ETH/USDT,3209.5,3220.8,3071.0,3108.3,159.78493061,496659.499815063
1731888000,2024-11-18 00:00:00,ETH/USDT,3071.5,3225.3,3052.4,3203.1,215.71959061,690971.420682891
1731801600,2024-11-17 00:00:00,ETH/USDT,3135.0,3161.0,3042.5,3078.4,151.32158098,465828.35488883196
1731715200,2024-11-16 00:00:00,ETH/USDT,3087.0,3217.8,3074.2,3132.7,67.65196431,211933.308593937
1731628800,2024-11-15 00:00:00,ETH/USDT,3085.7,3126.4,3014.5,3087.4,239.09220411,738173.270969214
1731542400,2024-11-14 00:00:00,ETH/USDT,3188.0,3237.1,3031.0,3056.0,309.65135852,946294.55163712
1731456000,2024-11-13 00:00:00,ETH/USDT,3251.6,3328.8,3117.4,3188.9,586.00963448,1868726.1233932723
1731369600,2024-11-12 00:00:00,ETH/USDT,3364.6,3442.4,3206.1,3245.1,481.18758792,1561501.841559192
1731283200,2024-11-11 00:00:00,ETH/USDT,3184.2,3384.6,3109.8,3370.9,415.09883155,1399256.651271895
1731196800,2024-11-10 00:00:00,ETH/USDT,3121.2,3248.9,3070.0,3185.3,291.04387984,927062.0704543521
1731110400,2024-11-09 00:00:00,ETH/USDT,2954.5,3149.2,2954.5,3126.3,175.27264156,547954.859309028
1731024000,2024-11-08 00:00:00,ETH/USDT,2897.9,2976.7,2890.0,2961.6,197.55069248,585066.130848768
1730937600,2024-11-07 00:00:00,ETH/USDT,2717.9,2911.7,2700.4,2894.4,218.32427921,631917.793745424
1730851200,2024-11-06 00:00:00,ETH/USDT,2430.9,2741.2,2430.9,2717.1,380.99608528,1035204.463314288
1730764800,2024-11-05 00:00:00,ETH/USDT,2398.0,2472.5,2386.1,2426.9,280.56133034,680894.2926021459
1730678400,2024-11-04 00:00:00,ETH/USDT,2458.0,2488.5,2358.5,2400.4,98.12528294,235539.92916917603
1730592000,2024-11-03 00:00:00,ETH/USDT,2493.2,2494.8,2412.5,2456.7,194.12893004,476916.54242926795
1730505600,2024-11-02 00:00:00,ETH/USDT,2514.9,2519.2,2472.7,2488.4,27.29676440,67925.26853296
1730419200,2024-11-01 00:00:00,ETH/USDT,2521.0,2584.7,2470.3,2512.7,152.86820494,384111.938552738
1730332800,2024-10-31 00:00:00,ETH/USDT,2659.5,2664.7,2509.7,2518.9,320.84132179,808167.205456831
1730246400,2024-10-30 00:00:00,ETH/USDT,2635.6,2720.9,2600.5,2662.2,158.33206622,421511.626690884
1730160000,2024-10-29 00:00:00,ETH/USDT,2568.4,2680.9,2562.4,2636.7,154.47267706,407298.10760410194
1730073600,2024-10-28 00:00:00,ETH/USDT,2508.8,2586.5,2471.7,2567.8,143.44970791,368350.159971298
1729987200,2024-10-27 00:00:00,ETH/USDT,2481.9,2526.0,2466.9,2508.2,28.25239640,70862.66065047999
1729900800,2024-10-26 00:00:00,ETH/USDT,2442.1,2507.1,2430.3,2485.1,50.90451636,126502.813606236
1729814400,2024-10-25 00:00:00,ETH/USDT,2536.1,2564.3,2386.0,2440.8,301.08210429,734881.2001510321
1729728000,2024-10-24 00:00:00,ETH/USDT,2524.5,2560.7,2508.7,2533.8,201.07185248,509475.859813824
1729641600,2024-10-23 00:00:00,ETH/USDT,2622.6,2626.5,2454.4,2526.6,197.81367145,499796.0222855699
1729555200,2024-10-22 00:00:00,ETH/USDT,2665.7,2671.8,2607.2,2624.5,178.27997510,467895.79464995
1729468800,2024-10-21 00:00:00,ETH/USDT,2752.5,2768.4,2658.5,2666.5,147.99026489,394616.04132918495
1729382400,2024-10-20 00:00:00,ETH/USDT,2648.5,2752.7,2636.4,2743.9,82.51536591,226413.912520449
1729296000,2024-10-19 00:00:00,ETH/USDT,2640.8,2657.8,2633.0,2650.4,15.07289466,39949.200006864
1729209600,2024-10-18 00:00:00,ETH/USDT,2602.6,2668.0,2602.6,2642.0,121.67284246,321459.64977932
1729123200,2024-10-17 00:00:00,ETH/USDT,2617.1,2647.4,2581.6,2604.3,155.31781408,404494.18320854404
1729036800,2024-10-16 00:00:00,ETH/USDT,2607.5,2642.3,2590.3,2613.7,72.51598461,189535.028975157
1728950400,2024-10-15 00:00:00,ETH/USDT,2629.8,2675.7,2541.0,2604.3,99.01395064,257862.03165175204
1728864000,2024-10-14 00:00:00,ETH/USDT,2469.9,2652.8,2446.4,2629.9,310.02463010,815333.77469999
1728777600,2024-10-13 00:00:00,ETH/USDT,2476.3,2484.0,2440.2,2467.1,70.33173936,173515.434175056
1728691200,2024-10-12 00:00:00,ETH/USDT,2440.7,2489.7,2434.6,2478.3,66.61747815,165098.096099145
1728604800,2024-10-11 00:00:00,ETH/USDT,2389.2,2464.6,2382.8,2435.3,136.42395738,332233.263407514
1728518400,2024-10-10 00:00:00,ETH/USDT,2375.0,2415.9,2333.7,2381.6,268.49188048,639440.262551168
1728432000,2024-10-09 00:00:00,ETH/USDT,2442.4,2471.7,2357.1,2374.8,177.07017586,420506.25363232807
1728345600,2024-10-08 00:00:00,ETH/USDT,2427.7,2458.4,2402.9,2436.0,85.70675281,208781.64984516
1728259200,2024-10-07 00:00:00,ETH/USDT,2436.8,2518.9,2415.3,2423.8,97.36043991,235982.234253858
1728172800,2024-10-06 00:00:00,ETH/USDT,2415.7,2456.0,2406.9,2441.0,28.32453795,69140.19713595
1728086400,2024-10-05 00:00:00,ETH/USDT,2414.7,2427.7,2389.9,2413.5,62.26458727,150275.581376145
1728000000,2024-10-04 00:00:00,ETH/USDT,2352.2,2440.1,2339.7,2414.0,158.72506774,383162.31352435995
1727913600,2024-10-03 00:00:00,ETH/USDT,2363.9,2398.0,2310.8,2349.5,80.98067451,190264.094761245
1727827200,2024-10-02 00:00:00,ETH/USDT,2448.4,2497.0,2356.7,2364.8,862.91875115,2040630.2627195204
1727740800,2024-10-01 00:00:00,ETH/USDT,2604.9,2656.2,2415.5,2452.8,418.49213054,1026477.497788512
1727654400,2024-09-30 00:00:00,ETH/USDT,2658.6,2658.6,2580.9,2604.0,123.75446313,322256.62199052004
1727568000,2024-09-29 00:00:00,ETH/USDT,2674.2,2684.0,2634.3,2651.4,52.55767224,139351.41217713602
1727481600,2024-09-28 00:00:00,ETH/USDT,2696.8,2702.5,2653.9,2681.2,121.98734255,327072.46284506
1727395200,2024-09-27 00:00:00,ETH/USDT,2631.7,2726.2,2617.5,2695.1,289.15516948,779302.097265548
1727308800,2024-09-26 00:00:00,ETH/USDT,2581.4,2660.5,2560.6,2632.7,244.11040836,642669.472089372
1727222400,2024-09-25 00:00:00,ETH/USDT,2653.0,2672.1,2566.0,2580.7,175.34498765,452512.80962835497
1727136000,2024-09-24 00:00:00,ETH/USDT,2647.4,2668.3,2592.3,2652.8,223.38338994,592591.4568328321
1727049600,2024-09-23 00:00:00,ETH/USDT,2578.4,2700.0,2556.5,2651.2,126.37984352,335058.241140224
1726963200,2024-09-22 00:00:00,ETH/USDT,2614.0,2629.5,2537.9,2575.3,72.99322941,187979.463699573
1726876800,2024-09-21 00:00:00,ETH/USDT,2560.7,2618.8,2529.0,2618.6,71.77243829,187943.306906194
1726790400,2024-09-20 00:00:00,ETH/USDT,2464.0,2574.7,2439.0,2558.8,432.81534391,1107487.9019969082
1726704000,2024-09-19 00:00:00,ETH/USDT,2383.8,2496.8,2375.4,2475.8,167.41436715,414484.49018997006
1726617600,2024-09-18 00:00:00,ETH/USDT,2338.2,2370.2,2282.0,2370.2,63.52270438,150561.513921476
1726531200,2024-09-17 00:00:00,ETH/USDT,2295.5,2393.0,2266.2,2341.4,69.81135020,163456.29535828
1726444800,2024-09-16 00:00:00,ETH/USDT,2320.7,2332.5,2257.9,2295.1,102.38731835,234989.13434508498
1726358400,2024-09-15 00:00:00,ETH/USDT,2419.6,2426.0,2288.0,2321.3,57.36192024,133154.225453112
1726272000,2024-09-14 00:00:00,ETH/USDT,2437.7,2437.7,2378.6,2418.3,91.11115528,220334.10681362404
1726185600,2024-09-13 00:00:00,ETH/USDT,2361.7,2457.5,2338.4,2439.4,50.76562840,123837.67391896
1726099200,2024-09-12 00:00:00,ETH/USDT,2341.4,2391.2,2319.3,2362.0,132.82683069,313736.97408978
1726012800,2024-09-11 00:00:00,ETH/USDT,2384.2,2384.7,2283.7,2344.7,174.94869919,410202.21499079297
1725926400,2024-09-10 00:00:00,ETH/USDT,2344.1,2397.0,2322.5,2388.4,36.50288945,87183.50116238
1725840000,2024-09-09 00:00:00,ETH/USDT,2304.2,2379.5,2279.5,2358.4,149.69111028,353031.514484352
1725753600,2024-09-08 00:00:00,ETH/USDT,2268.4,2328.1,2244.0,2298.5,62.06010496,142645.15125055998
1725667200,2024-09-07 00:00:00,ETH/USDT,2226.7,2309.9,2224.9,2274.6,213.83356623,486385.829746758
1725580800,2024-09-06 00:00:00,ETH/USDT,2371.7,2407.2,2154.3,2224.0,360.66024569,802108.38641456
1725494400,2024-09-05 00:00:00,ETH/USDT,2449.1,2465.3,2350.0,2369.0,54.13948872,128256.44877768001
1725408000,2024-09-04 00:00:00,ETH/USDT,2433.7,2488.3,2309.0,2449.4,143.59029239,351710.062180066
1725321600,2024-09-03 00:00:00,ETH/USDT,2537.0,2550.1,2416.1,2422.9,237.02070646,574277.4696819341
1725235200,2024-09-02 00:00:00,ETH/USDT,2423.8,2562.1,2423.8,2535.8,185.19558920,469618.97509336006
1725148800,2024-09-01 00:00:00,ETH/USDT,2513.7,2515.5,2416.4,2432.6,223.13469991,542797.4710010659
1725062400,2024-08-31 00:00:00,ETH/USDT,2526.2,2533.0,2493.1,2512.1,21.75035573,54639.06862933299
1724976000,2024-08-30 00:00:00,ETH/USDT,2527.2,2546.8,2434.9,2525.8,1160.26204079,2930589.862627382
1724889600,2024-08-29 00:00:00,ETH/USDT,2527.2,2593.3,2504.4,2527.2,1214.82034665,3070093.98005388
1724803200,2024-08-28 00:00:00,ETH/USDT,2449.0,2552.0,2418.3,2527.5,1093.34916919,2763440.025127725
1724716800,2024-08-27 00:00:00,ETH/USDT,2680.5,2699.3,2400.0,2457.3,493.47988914,1212628.131583722
1724630400,2024-08-26 00:00:00,ETH/USDT,2752.8,2762.3,2668.2,2681.9,162.30486814,435285.425864666
1724544000,2024-08-25 00:00:00,ETH/USDT,2771.9,2791.4,2733.4,2742.5,70.60937302,193646.20550735
1724457600,2024-08-24 00:00:00,ETH/USDT,2763.0,2817.4,2732.8,2767.2,214.43144425,593374.6925286
1724371200,2024-08-23 00:00:00,ETH/USDT,2623.7,2800.3,2623.7,2762.3,280.77066283,775572.8019353091
1724284800,2024-08-22 00:00:00,ETH/USDT,2628.9,2643.6,2591.0,2623.9,148.28055632,389073.351728048
1724198400,2024-08-21 00:00:00,ETH/USDT,2576.7,2662.7,2538.4,2631.1,421.40911912,1108769.533316632
1724112000,2024-08-20 00:00:00,ETH/USDT,2636.9,2691.0,2558.9,2579.2,342.16398779,882509.357307968
1724025600,2024-08-19 00:00:00,ETH/USDT,2611.1,2646.8,2567.9,2636.6,207.78438825,547844.31805995
1723939200,2024-08-18 00:00:00,ETH/USDT,2614.4,2680.9,2600.3,2609.4,55.86738721,145780.36018577398
1723852800,2024-08-17 00:00:00,ETH/USDT,2592.0,2626.0,2588.2,2613.0,73.38483309,191754.56886417
1723766400,2024-08-16 00:00:00,ETH/USDT,2571.4,2626.3,2552.5,2595.5,477.25502167,1238715.4087444851
1723680000,2024-08-15 00:00:00,ETH/USDT,2661.6,2672.4,2517.6,2570.4,524.48272135,1348130.38695804
1723593600,2024-08-14 00:00:00,ETH/USDT,2702.7,2789.0,2638.2,2663.6,356.10071715,948509.8702007399
1723507200,2024-08-13 00:00:00,ETH/USDT,2722.8,2734.4,2614.1,2703.0,268.24824936,725075.0180200799
1723420800,2024-08-12 00:00:00,ETH/USDT,2557.4,2748.0,2513.1,2721.6,229.21790261,623839.4437433761
1723334400,2024-08-11 00:00:00,ETH/USDT,2609.1,2714.8,2542.8,2554.8,129.12567219,329890.267311012
1723248000,2024-08-10 00:00:00,ETH/USDT,2596.9,2642.0,2580.4,2608.1,51.88601621,135323.918877301
1723161600,2024-08-09 00:00:00,ETH/USDT,2677.8,2706.8,2555.0,2598.2,130.48236479,339019.28019737796
1723075200,2024-08-08 00:00:00,ETH/USDT,2345.9,2719.1,2327.6,2681.9,286.58920744,768603.595433336
1722988800,2024-08-07 00:00:00,ETH/USDT,2463.8,2545.5,2315.0,2338.4,371.77162215,869350.7612355599
1722902400,2024-08-06 00:00:00,ETH/USDT,2419.4,2551.4,2416.0,2452.6,305.38763575,748993.71544045
1722816000,2024-08-05 00:00:00,ETH/USDT,2690.8,2692.3,2131.7,2418.2,1581.14047378,3823513.893694796
1722729600,2024-08-04 00:00:00,ETH/USDT,2904.5,2930.4,2637.5,2687.1,201.27624796,540849.405893316
1722643200,2024-08-03 00:00:00,ETH/USDT,2994.6,3014.4,2863.2,2903.9,123.48738490,358595.01701111
1722556800,2024-08-02 00:00:00,ETH/USDT,3204.9,3213.3,2973.0,2982.4,64.04618408,191011.33940019202
1722470400,2024-08-01 00:00:00,ETH/USDT,3233.0,3241.3,3081.4,3205.1,118.70421660,380458.88462465996
1722384000,2024-07-31 00:00:00,ETH/USDT,3269.3,3343.6,3219.1,3232.3,182.52411441,589972.6950074431
1722297600,2024-07-30 00:00:00,ETH/USDT,3315.5,3402.6,3236.5,3275.8,263.85721408,864343.461883264
1722211200,2024-07-29 00:00:00,ETH/USDT,3285.8,3394.5,3259.5,3321.0,220.66200551,732818.52029871
1722124800,2024-07-28 00:00:00,ETH/USDT,3240.7,3283.8,3206.9,3272.3,75.00272869,245431.429092287
1722038400,2024-07-27 00:00:00,ETH/USDT,3272.4,3323.7,3199.4,3247.2,132.29107513,429575.57916213595
1721952000,2024-07-26 00:00:00,ETH/USDT,3175.5,3284.9,3173.4,3274.8,213.65063822,699663.110042856
1721865600,2024-07-25 00:00:00,ETH/USDT,3334.8,3340.8,3090.1,3175.5,324.82315308,1031475.92260554
1721779200,2024-07-24 00:00:00,ETH/USDT,3483.3,3487.1,3295.3,3338.3,223.81380764,747157.6340446121
1721692800,2024-07-23 00:00:00,ETH/USDT,3436.1,3537.4,3392.7,3478.9,410.52366693,1428170.784882777
1721606400,2024-07-22 00:00:00,ETH/USDT,3536.8,3561.1,3422.0,3440.0,103.35085051,355526.9257544
1721520000,2024-07-21 00:00:00,ETH/USDT,3525.1,3544.5,3413.3,3528.6,101.35388588,357637.321716168
1721433600,2024-07-20 00:00:00,ETH/USDT,3504.7,3536.7,3481.2,3509.3,54.41255608,190949.98305154403
1721347200,2024-07-19 00:00:00,ETH/USDT,3422.3,3537.5,3381.4,3502.2,222.71841128,780004.419984816
1721260800,2024-07-18 00:00:00,ETH/USDT,3389.9,3485.7,3369.0,3434.8,181.46269699,623288.0716212521
1721174400,2024-07-17 00:00:00,ETH/USDT,3457.7,3513.3,3379.8,3387.1,82.17296793,278328.059675703
1721088000,2024-07-16 00:00:00,ETH/USDT,3492.5,3497.0,3350.0,3440.0,113.71896299,391193.2326856
1721001600,2024-07-15 00:00:00,ETH/USDT,3244.3,3492.1,3237.3,3488.8,121.13245920,422606.92365696
1720915200,2024-07-14 00:00:00,ETH/USDT,3181.3,3266.7,3170.8,3244.3,77.61098014,251793.302868202
1720828800,2024-07-13 00:00:00,ETH/USDT,3134.5,3194.5,3114.4,3177.3,120.56551892,383072.823264516
1720742400,2024-07-12 00:00:00,ETH/USDT,3098.5,3156.2,3049.0,3128.6,155.18923387,485525.03708568204
1720656000,2024-07-11 00:00:00,ETH/USDT,3098.6,3219.7,3059.7,3096.3,234.93952810,727443.26085603
1720569600,2024-07-10 00:00:00,ETH/USDT,3065.4,3145.9,3027.5,3104.4,231.32180750,718115.419203
1720483200,2024-07-09 00:00:00,ETH/USDT,3015.9,3113.7,3005.1,3065.9,312.12833735,956954.269481365
1720396800,2024-07-08 00:00:00,ETH/USDT,2928.4,3096.6,2829.8,3015.8,376.23136796,1134638.559493768
1720310400,2024-07-07 00:00:00,ETH/USDT,3065.3,3072.3,2928.4,2928.4,138.57786770,405811.42777268006
1720224000,2024-07-06 00:00:00,ETH/USDT,2981.8,3078.3,2957.6,3067.0,106.83288250,327656.4506275
1720137600,2024-07-05 00:00:00,ETH/USDT,3067.8,3104.9,2820.0,2992.6,609.62173164,1824353.9941058639
1720051200,2024-07-04 00:00:00,ETH/USDT,3303.4,3313.2,3054.7,3056.8,516.18619538,1577877.962037584
1719964800,2024-07-03 00:00:00,ETH/USDT,3422.2,3428.2,3253.9,3297.2,245.95926575,810976.8910309
1719878400,2024-07-02 00:00:00,ETH/USDT,3443.4,3463.7,3405.2,3421.9,64.09063036,219311.728028884
1719792000,2024-07-01 00:00:00,ETH/USDT,3437.8,3520.5,3427.7,3443.9,192.12277807,661651.6353952731
1719705600,2024-06-30 00:00:00,ETH/USDT,3378.6,3452.1,3356.6,3439.0,48.10854237,165445.27721043
1719619200,2024-06-29 00:00:00,ETH/USDT,3382.0,3406.9,3371.1,3380.9,168.32032273,569074.179117857
1719532800,2024-06-28 00:00:00,ETH/USDT,3449.0,3485.6,3365.9,3381.5,328.64925231,1111327.446686265
1719446400,2024-06-27 00:00:00,ETH/USDT,3372.5,3471.5,3366.9,3449.3,258.35966573,891159.9950024891
1719360000,2024-06-26 00:00:00,ETH/USDT,3389.9,3424.0,3330.4,3372.8,144.25236643,486534.381495104
1719273600,2024-06-25 00:00:00,ETH/USDT,3351.2,3425.6,3339.8,3394.8,59.73609000,202792.078332
1719187200,2024-06-24 00:00:00,ETH/USDT,3421.1,3429.0,3223.6,3352.9,321.99578003,1079619.650862587
1719100800,2024-06-23 00:00:00,ETH/USDT,3504.2,3520.4,3409.7,3421.1,29.63344386,101378.974789446
1719014400,2024-06-22 00:00:00,ETH/USDT,3519.2,3520.5,3476.4,3501.9,25.55743324,89499.57546315601
1718928000,2024-06-21 00:00:00,ETH/USDT,3515.0,3546.3,3449.5,3518.1,170.85643420,601090.02115902
1718841600,2024-06-20 00:00:00,ETH/USDT,3560.2,3620.0,3497.1,3516.9,78.72222240,276858.18395856005
1718755200,2024-06-19 00:00:00,ETH/USDT,3484.1,3583.2,3466.4,3554.2,285.72327035,1015517.64747797
1718668800,2024-06-18 00:00:00,ETH/USDT,3512.8,3513.7,3355.2,3487.6,266.45485028,929287.9358365281
1718582400,2024-06-17 00:00:00,ETH/USDT,3622.7,3636.4,3466.9,3510.9,288.13515553,1011613.7175502771
1718496000,2024-06-16 00:00:00,ETH/USDT,3569.2,3652.8,3542.7,3622.1,42.39506202,153559.154142642
1718409600,2024-06-15 00:00:00,ETH/USDT,3482.9,3592.2,3475.2,3566.0,37.01091519,131980.92356753998
1718323200,2024-06-14 00:00:00,ETH/USDT,3470.4,3530.3,3363.5,3480.8,216.85821868,754840.0875813441
1718236800,2024-06-13 00:00:00,ETH/USDT,3560.4,3561.3,3432.0,3472.6,231.35392542,803399.6414134919
1718150400,2024-06-12 00:00:00,ETH/USDT,3497.5,3653.6,3462.5,3560.1,214.60895649,764029.3460000489
1718064000,2024-06-11 00:00:00,ETH/USDT,3669.9,3669.9,3432.0,3498.7,433.66587159,1517266.7849319328
1717977600,2024-06-10 00:00:00,ETH/USDT,3706.2,3706.2,3647.2,3668.4,49.87536322,182962.782436248
1717891200,2024-06-09 00:00:00,ETH/USDT,3680.7,3718.4,3669.0,3705.8,28.59348110,105961.72226038002
1717804800,2024-06-08 00:00:00,ETH/USDT,3675.7,3710.0,3664.0,3681.6,154.44323152,568598.201164032
1717718400,2024-06-07 00:00:00,ETH/USDT,3809.6,3840.0,3586.1,3681.2,344.80464807,1269294.8704752838
1717632000,2024-06-06 00:00:00,ETH/USDT,3865.2,3877.5,3762.7,3815.2,161.30450581,615408.950566312
1717545600,2024-06-05 00:00:00,ETH/USDT,3812.1,3880.0,3779.2,3869.1,116.38177941,450292.74271523097
1717459200,2024-06-04 00:00:00,ETH/USDT,3765.9,3830.0,3729.2,3814.1,206.92359490,789227.2833080901
1717372800,2024-06-03 00:00:00,ETH/USDT,3778.1,3843.6,3760.0,3762.4,73.23551899,275541.316647976
1717286400,2024-06-02 00:00:00,ETH/USDT,3816.2,3836.9,3753.8,3782.2,35.38909598,133848.63881555598
1717200000,2024-06-01 00:00:00,ETH/USDT,3765.3,3830.3,3759.0,3816.5,32.13584935,122646.469044275
1717113600,2024-05-31 00:00:00,ETH/USDT,3748.8,3846.0,3725.6,3764.7,175.19791767,659567.600652249
1717027200,2024-05-30 00:00:00,ETH/USDT,3776.3,3824.0,3702.9,3749.4,109.82861994,411791.427603036
1716940800,2024-05-29 00:00:00,ETH/USDT,3846.9,3885.5,3744.2,3776.8,211.81218538,799972.261743184
1716854400,2024-05-28 00:00:00,ETH/USDT,3881.5,3930.0,3780.0,3843.0,230.80801413,886995.19830159
1716768000,2024-05-27 00:00:00,ETH/USDT,3823.7,3975.0,3823.7,3883.5,289.60418574,1124677.85532129
1716681600,2024-05-26 00:00:00,ETH/USDT,3748.1,3882.0,3733.7,3827.1,81.99073116,313786.727222436
1716595200,2024-05-25 00:00:00,ETH/USDT,3728.2,3774.3,3710.1,3751.0,63.37643487,237725.00719737
1716508800,2024-05-24 00:00:00,ETH/USDT,3783.2,3827.9,3630.5,3728.0,279.58221878,1042282.51161184
1716422400,2024-05-23 00:00:00,ETH/USDT,3750.7,3946.0,3522.2,3783.2,710.18809975,2686783.6189742
1716336000,2024-05-22 00:00:00,ETH/USDT,3790.8,3809.3,3654.1,3740.8,295.20638434,1104308.042539072
1716249600,2024-05-21 00:00:00,ETH/USDT,3671.4,3840.8,3629.1,3791.7,495.50693482,1878813.644756994
1716163200,2024-05-20 00:00:00,ETH/USDT,3070.8,3690.0,3050.0,3650.3,319.20931371,1165209.757835613
1716076800,2024-05-19 00:00:00,ETH/USDT,3122.7,3133.9,3056.7,3071.6,13.23064673,40639.254495868
1715990400,2024-05-18 00:00:00,ETH/USDT,3089.1,3146.2,3087.7,3121.4,63.14614674,197104.382434236
1715904000,2024-05-17 00:00:00,ETH/USDT,2944.7,3115.0,2940.0,3089.3,140.21366387,433162.071793591
1715817600,2024-05-16 00:00:00,ETH/USDT,3032.0,3034.7,2924.7,2944.6,134.88547433,397183.767712118
1715731200,2024-05-15 00:00:00,ETH/USDT,2885.6,3038.8,2865.8,3037.3,84.63333885,257056.840089105
1715644800,2024-05-14 00:00:00,ETH/USDT,2950.0,2960.3,2863.0,2881.9,308.80030270,889931.59235113
1715558400,2024-05-13 00:00:00,ETH/USDT,2931.6,2994.0,2870.0,2948.1,311.73187450,919016.73921345
1715472000,2024-05-12 00:00:00,ETH/USDT,2913.8,2953.4,2909.5,2932.2,51.94874773,152324.118093906
1715385600,2024-05-11 00:00:00,ETH/USDT,2913.2,2935.4,2886.1,2908.1,201.82247093,586919.927711533
1715299200,2024-05-10 00:00:00,ETH/USDT,3032.4,3052.6,2877.3,2914.9,204.25871009,595393.714041341
1715212800,2024-05-09 00:00:00,ETH/USDT,2978.5,3052.9,2950.6,3036.0,306.49854484,930529.5821342401
1715126400,2024-05-08 00:00:00,ETH/USDT,3004.3,3034.6,2940.0,2977.0,271.20434064,807375.32208528
1715040000,2024-05-07 00:00:00,ETH/USDT,3069.0,3129.2,2999.6,3007.6,240.09856789,722120.452785964
1714953600,2024-05-06 00:00:00,ETH/USDT,3154.0,3219.1,3047.2,3065.7,164.23981150,503509.99011555
1714867200,2024-05-05 00:00:00,ETH/USDT,3115.3,3171.9,3072.1,3136.9,43.27922997,135762.61649289302
1714780800,2024-05-04 00:00:00,ETH/USDT,3102.0,3167.7,3095.5,3117.2,79.57247542,248043.320379224
1714694400,2024-05-03 00:00:00,ETH/USDT,2987.0,3116.5,2959.7,3099.7,180.59716895,559797.044594315
1714608000,2024-05-02 00:00:00,ETH/USDT,2972.6,3011.5,2896.8,2991.8,267.85480971,801368.019690378
1714521600,2024-05-01 00:00:00,ETH/USDT,3015.1,3022.1,2823.7,2972.9,617.89682462,1836945.469912798
1714435200,2024-04-30 00:00:00,ETH/USDT,3216.7,3249.1,2930.7,3014.4,430.57861630,1297936.18097472
1714348800,2024-04-29 00:00:00,ETH/USDT,3262.1,3283.9,3119.8,3217.7,209.47488974,674027.352716398
1714262400,2024-04-28 00:00:00,ETH/USDT,3256.1,3358.4,3250.7,3262.2,154.01908991,502441.07510440197
1714176000,2024-04-27 00:00:00,ETH/USDT,3130.7,3282.1,3068.9,3255.1,126.90522265,413089.190248015
1714089600,2024-04-26 00:00:00,ETH/USDT,3156.5,3168.5,3105.3,3132.4,88.41565395,276953.19443298003
1714003200,2024-04-25 00:00:00,ETH/USDT,3137.5,3190.3,3080.4,3156.8,287.16463864,906521.3312587522
1713916800,2024-04-24 00:00:00,ETH/USDT,3222.2,3292.1,3111.5,3139.9,207.71829610,652214.6779243901
1713830400,2024-04-23 00:00:00,ETH/USDT,3200.1,3260.2,3155.1,3219.7,115.25576865,371088.998322405
1713744000,2024-04-22 00:00:00,ETH/USDT,3147.5,3234.6,3129.7,3199.8,80.13114499,256403.637739002
1713657600,2024-04-21 00:00:00,ETH/USDT,3153.9,3189.9,3116.7,3147.6,100.02392744,314835.314010144
1713571200,2024-04-20 00:00:00,ETH/USDT,3056.9,3169.4,3022.5,3156.0,152.90700512,482574.50815872004
1713484800,2024-04-19 00:00:00,ETH/USDT,3061.5,3121.0,2870.3,3069.0,260.08977527,798215.52030363
1713398400,2024-04-18 00:00:00,ETH/USDT,2977.7,3093.0,2952.1,3066.8,216.00152355,662433.4724231401
1713312000,2024-04-17 00:00:00,ETH/USDT,3083.6,3121.8,2919.0,2981.5,219.88304746,655581.30600199
1713225600,2024-04-16 00:00:00,ETH/USDT,3102.2,3122.6,2988.8,3089.3,307.59980131,950268.066186983
1713139200,2024-04-15 00:00:00,ETH/USDT,3144.9,3268.1,3027.7,3099.7,465.89731720,1444141.91412484
1713052800,2024-04-14 00:00:00,ETH/USDT,3004.4,3169.4,2913.7,3155.1,546.58928076,1724543.8397258758
1712966400,2024-04-13 00:00:00,ETH/USDT,3232.6,3298.1,2844.0,2999.6,885.24242242,2655373.170291032
1712880000,2024-04-12 00:00:00,ETH/USDT,3502.4,3550.5,3092.0,3237.7,488.68807837,1582225.391338549
1712793600,2024-04-11 00:00:00,ETH/USDT,3536.9,3610.8,3483.2,3504.5,166.47912898,583426.10751041
1712707200,2024-04-10 00:00:00,ETH/USDT,3501.8,3556.4,3413.5,3539.4,261.81796770,926678.51487738
1712620800,2024-04-09 00:00:00,ETH/USDT,3695.0,3724.1,3462.1,3507.3,124.66880313,437250.893217849
1712534400,2024-04-08 00:00:00,ETH/USDT,3456.1,3725.6,3410.9,3694.2,263.20361018,972326.7767269559
1712448000,2024-04-07 00:00:00,ETH/USDT,3355.6,3496.3,3344.9,3453.8,459.70341447,1587723.652896486
1712361600,2024-04-06 00:00:00,ETH/USDT,3318.8,3388.0,3310.3,3362.5,107.10844449,360152.144597625
1712275200,2024-04-05 00:00:00,ETH/USDT,3323.0,3345.0,3211.0,3324.6,242.41824476,805943.696529096
1712188800,2024-04-04 00:00:00,ETH/USDT,3310.5,3435.0,3251.5,3327.6,272.19255892,905747.959062192
1712102400,2024-04-03 00:00:00,ETH/USDT,3277.7,3362.9,3203.0,3312.9,249.76391840,827442.88526736
1712016000,2024-04-02 00:00:00,ETH/USDT,3504.5,3505.2,3222.0,3270.8,323.63986116,1058561.257882128
1711929600,2024-04-01 00:00:00,ETH/USDT,3638.8,3644.4,3419.2,3503.2,161.48187798,565703.314939536
1711843200,2024-03-31 00:00:00,ETH/USDT,3504.9,3650.0,3504.3,3646.3,69.17987787,252250.58867738102
1711756800,2024-03-30 00:00:00,ETH/USDT,3509.0,3561.3,3488.6,3506.1,48.90946511,171481.47562217098
1711670400,2024-03-29 00:00:00,ETH/USDT,3559.0,3580.6,3470.9,3509.4,165.77982039,581787.701676666
1711584000,2024-03-28 00:00:00,ETH/USDT,3499.6,3608.2,3474.2,3560.2,165.18162309,588079.6145250179
1711497600,2024-03-27 00:00:00,ETH/USDT,3586.6,3660.6,3463.6,3501.6,246.37479529,862705.9831874641
1711411200,2024-03-26 00:00:00,ETH/USDT,3589.0,3672.5,3541.7,3586.9,105.22907633,377446.173888077
1711324800,2024-03-25 00:00:00,ETH/USDT,3456.1,3657.4,3424.0,3590.3,194.85257441,699579.197904223
1711238400,2024-03-24 00:00:00,ETH/USDT,3330.0,3471.4,3300.2,3453.1,181.02340977,625091.936276787
1711152000,2024-03-23 00:00:00,ETH/USDT,3330.8,3431.0,3273.0,3361.7,243.35354725,818081.6197903249
1711065600,2024-03-22 00:00:00,ETH/USDT,3491.9,3539.9,3255.2,3335.0,226.65298960,755887.720316
1710979200,2024-03-21 00:00:00,ETH/USDT,3517.4,3585.4,3416.1,3492.1,148.21348912,517576.32535595197
1710892800,2024-03-20 00:00:00,ETH/USDT,3155.8,3534.9,3061.1,3513.3,683.41717429,2401049.5584330573
1710806400,2024-03-19 00:00:00,ETH/USDT,3520.9,3546.7,3115.4,3163.0,469.43428910,1484820.6564233
1710720000,2024-03-18 00:00:00,ETH/USDT,3643.2,3643.2,3460.1,3525.3,109.65837200,386578.6588116
1710633600,2024-03-17 00:00:00,ETH/USDT,3531.6,3678.5,3415.0,3650.8,651.28351407,2377705.853166756
1710547200,2024-03-16 00:00:00,ETH/USDT,3738.4,3779.4,3470.3,3524.1,145.07796334,511269.25060649397
1710460800,2024-03-15 00:00:00,ETH/USDT,3882.9,3931.5,3551.6,3737.1,517.44624811,1933748.373811881
1710374400,2024-03-14 00:00:00,ETH/USDT,4005.0,4008.1,3721.4,3883.0,376.72279025,1462814.59454075
1710288000,2024-03-13 00:00:00,ETH/USDT,3981.0,4080.8,3940.0,4002.5,241.32191185,965890.9521796249
1710201600,2024-03-12 00:00:00,ETH/USDT,4072.0,4091.1,3834.6,3980.6,882.49010020,3512840.09285612
1710115200,2024-03-11 00:00:00,ETH/USDT,3876.0,4076.4,3735.4,4066.5,238.40882856,969489.50133924
1710028800,2024-03-10 00:00:00,ETH/USDT,3905.1,3959.9,3792.6,3877.5,114.54830252,444161.0430213
1709942400,2024-03-09 00:00:00,ETH/USDT,3880.3,3940.8,3875.6,3906.8,78.11134516,305165.403271088
1709856000,2024-03-08 00:00:00,ETH/USDT,3871.4,3993.3,3829.7,3883.7,259.13524731,1006403.559977847
1709769600,2024-03-07 00:00:00,ETH/USDT,3822.6,3930.3,3738.6,3869.2,163.07870067,630984.108632364
1709683200,2024-03-06 00:00:00,ETH/USDT,3554.6,3900.3,3502.2,3818.3,475.71615236,1816426.984556188
1709596800,2024-03-05 00:00:00,ETH/USDT,3626.5,3821.2,3200.0,3549.2,949.86038674,3371244.4846176077
1709510400,2024-03-04 00:00:00,ETH/USDT,3487.6,3639.6,3433.4,3625.6,319.54202922,1158531.581140032
1709424000,2024-03-03 00:00:00,ETH/USDT,3418.9,3490.0,3362.3,3481.6,165.96247993,577814.970124288
1709337600,2024-03-02 00:00:00,ETH/USDT,3432.9,3458.4,3395.5,3418.8,118.07078754,403660.408441752
1709251200,2024-03-01 00:00:00,ETH/USDT,3340.2,3449.8,3338.5,3432.5,184.17879872,632193.7266064
1709164800,2024-02-29 00:00:00,ETH/USDT,3382.5,3517.9,3300.0,3344.9,816.25707134,2730298.2779251663
1709078400,2024-02-28 00:00:00,ETH/USDT,3243.8,3484.0,3090.0,3383.2,399.47222206,1351494.421673392
1708992000,2024-02-27 00:00:00,ETH/USDT,3177.3,3288.0,3165.8,3239.1,273.87326101,887102.879737491
1708905600,2024-02-26 00:00:00,ETH/USDT,3112.7,3194.0,3037.8,3176.0,474.53289076,1507116.46105376
1708819200,2024-02-25 00:00:00,ETH/USDT,2993.2,3118.0,2985.4,3112.9,270.58983283,842319.090616507
1708732800,2024-02-24 00:00:00,ETH/USDT,2922.0,3001.3,2906.8,2992.4,83.16423551,248860.658340124
1708646400,2024-02-23 00:00:00,ETH/USDT,2972.1,2992.6,2906.2,2921.8,226.17900157,660849.806787226
1708560000,2024-02-22 00:00:00,ETH/USDT,2966.4,3033.3,2908.5,2972.0,488.92745022,1453092.38205384
1708473600,2024-02-21 00:00:00,ETH/USDT,3012.1,3017.2,2870.0,2970.3,436.56864138,1296739.835491014
1708387200,2024-02-20 00:00:00,ETH/USDT,2945.1,3030.0,2884.0,3015.5,556.20282926,1677229.6316335301
1708300800,2024-02-19 00:00:00,ETH/USDT,2881.5,2981.7,2857.5,2941.7,201.06932510,591485.6336466699
1708214400,2024-02-18 00:00:00,ETH/USDT,2786.9,2958.1,2766.6,2878.7,555.93405783,1600367.372275221
1708128000,2024-02-17 00:00:00,ETH/USDT,2801.5,2803.9,2720.0,2786.2,115.38029972,321472.59107986395
1708041600,2024-02-16 00:00:00,ETH/USDT,2822.6,2857.0,2743.7,2803.1,383.25805192,1074310.645336952
1707955200,2024-02-15 00:00:00,ETH/USDT,2774.6,2865.0,2760.0,2822.8,207.90729400,586880.7095032
1707868800,2024-02-14 00:00:00,ETH/USDT,2639.9,2784.6,2621.5,2775.5,223.10798473,619236.211618115
1707782400,2024-02-13 00:00:00,ETH/USDT,2662.2,2686.0,2592.0,2639.0,222.10328057,586130.55742423
1707696000,2024-02-12 00:00:00,ETH/USDT,2507.4,2665.0,2473.4,2657.9,196.06996870,521134.36980773
1707609600,2024-02-11 00:00:00,ETH/USDT,2500.4,2538.0,2494.1,2507.1,78.22245882,196111.52650762198
1707523200,2024-02-10 00:00:00,ETH/USDT,2488.5,2515.6,2472.2,2497.5,70.02307536,174882.6307116
1707436800,2024-02-09 00:00:00,ETH/USDT,2419.9,2522.8,2419.8,2487.4,159.31269263,396274.391647862
1707350400,2024-02-08 00:00:00,ETH/USDT,2426.7,2462.9,2413.4,2420.4,119.70957698,289745.060122392
1707264000,2024-02-07 00:00:00,ETH/USDT,2375.9,2444.8,2354.9,2424.3,164.36862455,398478.856496565
1707177600,2024-02-06 00:00:00,ETH/USDT,2300.5,2390.0,2300.4,2373.2,299.53097597,710846.9121720039
1707091200,2024-02-05 00:00:00,ETH/USDT,2289.3,2333.3,2273.0,2292.8,38.05096474,87243.25195587201
1707004800,2024-02-04 00:00:00,ETH/USDT,2293.9,2310.3,2269.8,2289.9,81.82649007,187374.47961129303
1706918400,2024-02-03 00:00:00,ETH/USDT,2309.4,2328.5,2293.6,2295.1,54.22074992,124442.043141392
1706832000,2024-02-02 00:00:00,ETH/USDT,2304.1,2324.3,2285.7,2308.2,35.22873997,81314.97759875399
1706745600,2024-02-01 00:00:00,ETH/USDT,2286.7,2307.0,2244.0,2303.1,107.56903669,247742.248400739
1706659200,2024-01-31 00:00:00,ETH/USDT,2342.4,2348.3,2270.6,2286.7,406.95283249,930579.0420548829
1706572800,2024-01-30 00:00:00,ETH/USDT,2312.3,2389.9,2298.6,2344.4,324.55647539,760890.200904316
1706486400,2024-01-29 00:00:00,ETH/USDT,2251.3,2317.9,2240.2,2316.6,139.29935825,322700.89332195
1706400000,2024-01-28 00:00:00,ETH/USDT,2267.8,2305.8,2242.1,2257.0,100.24857076,226261.02420532002
1706313600,2024-01-27 00:00:00,ETH/USDT,2267.6,2280.0,2253.1,2267.0,113.99067964,258416.87074388
1706227200,2024-01-26 00:00:00,ETH/USDT,2217.4,2281.4,2196.3,2267.7,199.35498536,452077.30030087195
1706140800,2024-01-25 00:00:00,ETH/USDT,2233.9,2241.6,2174.4,2220.3,169.61709212,376600.829634036
1706054400,2024-01-24 00:00:00,ETH/USDT,2237.8,2264.3,2202.4,2236.8,122.17718459,273285.92649091204
1705968000,2024-01-23 00:00:00,ETH/USDT,2322.1,2349.7,2170.3,2245.3,367.70498479,825608.0023489872
1705881600,2024-01-22 00:00:00,ETH/USDT,2458.2,2462.8,2302.9,2311.7,1387.39310170,3207236.6331998897
1705795200,2024-01-21 00:00:00,ETH/USDT,2472.4,2480.5,2453.1,2453.1,37.32920048,91572.261697488
1705708800,2024-01-20 00:00:00,ETH/USDT,2484.9,2490.3,2455.3,2472.0,82.28592268,203410.80086496
1705622400,2024-01-19 00:00:00,ETH/USDT,2464.5,2502.3,2416.6,2492.0,178.76961736,445493.88646112004
1705536000,2024-01-18 00:00:00,ETH/USDT,2530.6,2545.1,2428.6,2470.5,147.99217586,365614.67046213
1705449600,2024-01-17 00:00:00,ETH/USDT,2586.6,2589.6,2510.0,2530.7,75.37955651,190763.04365985698
1705363200,2024-01-16 00:00:00,ETH/USDT,2511.7,2613.2,2503.8,2587.3,144.87204640,374827.44565072
1705276800,2024-01-15 00:00:00,ETH/USDT,2474.6,2553.8,2474.6,2513.6,97.67899079,245525.91124974398
1705190400,2024-01-14 00:00:00,ETH/USDT,2575.7,2575.7,2470.0,2470.0,89.72394366,221618.1408402
1705104000,2024-01-13 00:00:00,ETH/USDT,2525.5,2589.7,2499.4,2581.4,56.60803113,146127.971558982
1705017600,2024-01-12 00:00:00,ETH/USDT,2618.5,2710.0,2456.4,2524.3,400.68006622,1011436.6911591461
1704931200,2024-01-11 00:00:00,ETH/USDT,2585.9,2688.1,2470.0,2620.8,349.18268083,915137.969919264
1704844800,2024-01-10 00:00:00,ETH/USDT,2357.5,2635.2,2342.9,2581.9,683.79237263,1765483.526893397
1704758400,2024-01-09 00:00:00,ETH/USDT,2332.5,2373.2,2005.0,2344.8,606.46534543,1422039.941964264
1704672000,2024-01-08 00:00:00,ETH/USDT,2221.4,2356.7,2173.0,2330.4,314.01349558,731777.050099632
1704585600,2024-01-07 00:00:00,ETH/USDT,2239.9,2256.2,2206.4,2221.5,155.77395047,346051.83096910495
1704499200,2024-01-06 00:00:00,ETH/USDT,2268.1,2269.7,2217.9,2239.9,91.39140490,204707.60783551
1704412800,2024-01-05 00:00:00,ETH/USDT,2266.2,2275.6,2207.2,2266.8,206.52007433,468139.70449124405
1704326400,2024-01-04 00:00:00,ETH/USDT,2208.4,2294.3,2203.8,2266.9,148.60441946,336871.35847387405
1704240000,2024-01-03 00:00:00,ETH/USDT,2355.1,2384.5,2022.0,2210.0,694.44269179,1534718.3488559
1704153600,2024-01-02 00:00:00,ETH/USDT,2349.2,2430.0,2343.8,2353.9,135.70421722,319434.156914158
1704067200,2024-01-01 00:00:00,ETH/USDT,2284.3,2350.2,2271.9,2349.4,61.14482537,143653.652724278
1703980800,2023-12-31 00:00:00,ETH/USDT,2291.4,2320.6,2259.0,2281.3,83.61934324,190760.80773341202
1703894400,2023-12-30 00:00:00,ETH/USDT,2299.1,2322.0,2267.7,2290.6,114.03804568,261215.547434608
1703808000,2023-12-29 00:00:00,ETH/USDT,2345.2,2385.0,2254.5,2293.5,400.41544389,918352.820561715
1703721600,2023-12-28 00:00:00,ETH/USDT,2379.0,2442.9,2334.5,2344.9,220.94223856,518087.455199344
1703635200,2023-12-27 00:00:00,ETH/USDT,2230.9,2390.0,2212.7,2375.1,297.61765323,706871.6881865729
1703548800,2023-12-26 00:00:00,ETH/USDT,2270.4,2273.5,2180.0,2231.0,215.24436242,480210.17255902
1703462400,2023-12-25 00:00:00,ETH/USDT,2263.9,2301.6,2253.9,2272.2,35.95305501,81692.531593722
1703376000,2023-12-24 00:00:00,ETH/USDT,2308.7,2325.1,2244.4,2267.4,78.03566271,176938.061628654
1703289600,2023-12-23 00:00:00,ETH/USDT,2325.4,2329.8,2267.6,2309.8,90.52451964,209093.535464472
1703203200,2023-12-22 00:00:00,ETH/USDT,2240.1,2340.0,2233.2,2324.6,222.97922942,518337.51670973195
1703116800,2023-12-21 00:00:00,ETH/USDT,2198.9,2277.4,2183.8,2236.3,123.35843744,275866.47364707204
1703030400,2023-12-20 00:00:00,ETH/USDT,2176.7,2265.6,2159.5,2200.5,289.95029639,638035.627206195
1702944000,2023-12-19 00:00:00,ETH/USDT,2216.7,2252.8,2138.2,2176.8,231.74443310,504461.28197208006
1702857600,2023-12-18 00:00:00,ETH/USDT,2195.8,2221.4,2118.3,2215.1,175.13786787,387947.891118837
1702771200,2023-12-17 00:00:00,ETH/USDT,2230.0,2247.1,2193.5,2196.1,78.02105281,171342.034076041
1702684800,2023-12-16 00:00:00,ETH/USDT,2225.5,2262.9,2211.4,2227.0,54.69591017,121807.79194858999
1702598400,2023-12-15 00:00:00,ETH/USDT,2312.9,2314.4,2198.6,2217.1,275.92934174,611762.9435717539
1702512000,2023-12-14 00:00:00,ETH/USDT,2258.4,2330.2,2229.5,2314.2,321.40935616,743805.532025472
1702425600,2023-12-13 00:00:00,ETH/USDT,2203.6,2283.8,2150.0,2260.1,418.74118511,946396.9524671109
1702339200,2023-12-12 00:00:00,ETH/USDT,2227.9,2242.2,2167.2,2204.2,305.75639308,673948.241626936
1702252800,2023-12-11 00:00:00,ETH/USDT,2354.0,2354.0,2146.4,2227.2,581.79517106,1295774.2049848319
1702166400,2023-12-10 00:00:00,ETH/USDT,2343.3,2373.7,2320.4,2351.8,118.81131147,279420.44231514604
1702080000,2023-12-09 00:00:00,ETH/USDT,2359.4,2400.0,2328.4,2340.1,263.38640708,616350.5312079081
1701993600,2023-12-08 00:00:00,ETH/USDT,2357.4,2390.1,2336.9,2358.5,326.91714040,771034.0756334
1701907200,2023-12-07 00:00:00,ETH/USDT,2232.6,2382.0,2222.8,2355.7,227.39539579,535675.333862503
1701820800,2023-12-06 00:00:00,ETH/USDT,2293.1,2310.0,2220.0,2229.7,169.25594647,377389.98384415894
1701734400,2023-12-05 00:00:00,ETH/USDT,2240.4,2305.8,2185.0,2290.9,853.29401962,1954811.269547458
1701648000,2023-12-04 00:00:00,ETH/USDT,2194.8,2271.8,2193.7,2242.4,518.46071976,1162596.3179898239
1701561600,2023-12-03 00:00:00,ETH/USDT,2163.3,2212.5,2151.0,2190.5,167.76583885,367491.070000925
1701475200,2023-12-02 00:00:00,ETH/USDT,2088.6,2182.9,2088.2,2164.4,282.26482090,610933.9783559601
1701388800,2023-12-01 00:00:00,ETH/USDT,2053.4,2110.0,2047.5,2087.4,138.01099691,288084.154949934
1701302400,2023-11-30 00:00:00,ETH/USDT,2028.0,2052.6,2023.0,2052.3,60.72904106,124634.210967438
1701216000,2023-11-29 00:00:00,ETH/USDT,2044.3,2074.3,2020.0,2029.0,113.23423448,229752.26175992
1701129600,2023-11-28 00:00:00,ETH/USDT,2027.4,2072.5,1996.9,2048.3,202.22382419,414215.059088377
1701043200,2023-11-27 00:00:00,ETH/USDT,2061.3,2071.2,1989.4,2027.1,122.36534996,248046.800903916
1700956800,2023-11-26 00:00:00,ETH/USDT,2082.3,2089.2,2040.0,2066.2,193.50984480,399830.04132575996
1700870400,2023-11-25 00:00:00,ETH/USDT,2080.3,2090.4,2067.3,2083.4,44.97017711,93690.86699097401
1700784000,2023-11-24 00:00:00,ETH/USDT,2061.9,2130.0,2059.7,2076.5,198.93772255,413094.180875075
1700697600,2023-11-23 00:00:00,ETH/USDT,2060.9,2087.4,2042.6,2060.8,143.64400247,296021.560290176
1700611200,2023-11-22 00:00:00,ETH/USDT,1930.0,2090.0,1928.5,2063.7,182.51999829,376666.52047107293
1700524800,2023-11-21 00:00:00,ETH/USDT,2021.3,2032.3,1935.0,1936.5,423.84097803,820768.053955095
1700438400,2023-11-20 00:00:00,ETH/USDT,2010.7,2060.3,1995.2,2024.3,215.30801095,435848.00656608504
1700352000,2023-11-19 00:00:00,ETH/USDT,1959.1,2013.5,1944.7,2012.5,124.14871188,249849.2826585
1700265600,2023-11-18 00:00:00,ETH/USDT,1958.4,1970.0,1916.8,1962.4,100.35538532,196937.408151968
1700179200,2023-11-17 00:00:00,ETH/USDT,1974.9,1990.0,1905.7,1956.9,351.47471872,687800.877063168
1700092800,2023-11-16 00:00:00,ETH/USDT,2057.3,2084.6,1940.0,1965.1,242.81938356,477164.370633756
1700006400,2023-11-15 00:00:00,ETH/USDT,1979.6,2061.6,1968.2,2058.5,170.78298529,351556.775219465
1699920000,2023-11-14 00:00:00,ETH/USDT,2053.4,2064.7,1931.5,1979.3,516.63601878,1022577.6719712539
1699833600,2023-11-13 00:00:00,ETH/USDT,2044.3,2117.2,2031.6,2061.9,259.66880797,535411.115153343
1699747200,2023-11-12 00:00:00,ETH/USDT,2054.0,2065.7,2016.4,2047.1,74.13005828,151751.642304988
1699660800,2023-11-11 00:00:00,ETH/USDT,2077.8,2089.0,2031.3,2053.0,146.11899992,299982.30683576
1699574400,2023-11-10 00:00:00,ETH/USDT,2119.8,2135.5,2068.9,2078.0,149.30150673,310248.53098494
1699488000,2023-11-09 00:00:00,ETH/USDT,1889.2,2130.5,1883.3,2122.8,901.39441355,1913480.06108394
1699401600,2023-11-08 00:00:00,ETH/USDT,1886.1,1903.3,1874.1,1888.6,93.16328294,175948.176160484
1699315200,2023-11-07 00:00:00,ETH/USDT,1896.6,1905.8,1855.6,1887.4,153.91699550,290502.93730670004
1699228800,2023-11-06 00:00:00,ETH/USDT,1890.4,1912.6,1869.0,1900.5,70.36474004,133728.18844602
1699142400,2023-11-05 00:00:00,ETH/USDT,1856.4,1911.6,1849.2,1894.7,133.83670942,253580.41333807402
1699056000,2023-11-04 00:00:00,ETH/USDT,1828.8,1863.4,1826.5,1855.9,64.28705390,119310.34333301001
1698969600,2023-11-03 00:00:00,ETH/USDT,1797.7,1833.9,1779.5,1831.3,115.20115680,210967.87844784002
1698883200,2023-11-02 00:00:00,ETH/USDT,1848.3,1870.6,1780.0,1798.0,243.78793832,438330.71309936
1698796800,2023-11-01 00:00:00,ETH/USDT,1814.8,1856.0,1784.2,1845.5,128.61670112,237362.12191695996
1698710400,2023-10-31 00:00:00,ETH/USDT,1808.6,1818.5,1781.9,1811.5,86.47061181,156641.513293815
1698624000,2023-10-30 00:00:00,ETH/USDT,1794.8,1826.5,1761.0,1811.1,273.18668836,494768.411288796
1698537600,2023-10-29 00:00:00,ETH/USDT,1775.2,1810.0,1771.2,1796.7,27.33486235,49112.547184245006
1698451200,2023-10-28 00:00:00,ETH/USDT,1784.0,1802.2,1773.6,1777.0,36.18912634,64308.07750618
1698364800,2023-10-27 00:00:00,ETH/USDT,1804.4,1804.4,1745.3,1779.3,178.40821550,317441.73783915
1698278400,2023-10-26 00:00:00,ETH/USDT,1785.5,1864.7,1763.8,1809.0,238.39336283,431253.59335947
1698192000,2023-10-25 00:00:00,ETH/USDT,1783.5,1815.0,1762.2,1786.0,126.40734970,225763.5265642
1698105600,2023-10-24 00:00:00,ETH/USDT,1765.1,1853.1,1758.6,1780.6,209.90222182,373751.89617269195
1698019200,2023-10-23 00:00:00,ETH/USDT,1664.0,1796.0,1657.4,1762.2,803.59998241,1416103.8890029022
1697932800,2023-10-22 00:00:00,ETH/USDT,1630.8,1666.0,1622.6,1661.0,155.93553913,259008.93049492998
1697846400,2023-10-21 00:00:00,ETH/USDT,1603.1,1645.1,1592.3,1626.7,82.33486178,133934.119657526
1697760000,2023-10-20 00:00:00,ETH/USDT,1566.7,1627.0,1561.6,1603.4,212.66278301,340983.506278234
1697673600,2023-10-19 00:00:00,ETH/USDT,1562.8,1573.9,1543.3,1563.9,110.74132755,173188.362155445
1697587200,2023-10-18 00:00:00,ETH/USDT,1564.7,1583.4,1556.2,1561.9,81.64440044,127520.389047236
1697500800,2023-10-17 00:00:00,ETH/USDT,1598.8,1598.8,1551.9,1565.1,117.11849463,183302.155945413
1697414400,2023-10-16 00:00:00,ETH/USDT,1558.0,1636.5,1555.8,1599.6,192.30977250,307618.712091
1697328000,2023-10-15 00:00:00,ETH/USDT,1555.1,1565.8,1550.3,1554.2,148.93993585,231482.44829807003
1697241600,2023-10-14 00:00:00,ETH/USDT,1552.7,1560.8,1545.7,1555.2,58.20631523,90522.46144569601
1697155200,2023-10-13 00:00:00,ETH/USDT,1543.4,1574.2,1538.2,1551.6,61.62746852,95621.180155632
1697068800,2023-10-12 00:00:00,ETH/USDT,1565.5,1566.6,1521.1,1540.3,54.66700761,84203.59182168299
1696982400,2023-10-11 00:00:00,ETH/USDT,1567.8,1577.9,1545.0,1564.9,195.76839182,306357.95635911805
1696896000,2023-10-10 00:00:00,ETH/USDT,1580.0,1591.8,1551.7,1569.4,82.35987489,129255.58765236601
1696809600,2023-10-09 00:00:00,ETH/USDT,1631.9,1635.3,1547.6,1579.6,178.10808040,281339.52379984
1696723200,2023-10-08 00:00:00,ETH/USDT,1633.7,1640.9,1617.1,1633.1,50.46301559,82411.15076002899
1696636800,2023-10-07 00:00:00,ETH/USDT,1644.3,1647.2,1630.3,1633.9,109.24760039,178499.654277221
1696550400,2023-10-06 00:00:00,ETH/USDT,1612.0,1659.7,1612.0,1645.1,81.57426166,134197.817856866
1696464000,2023-10-05 00:00:00,ETH/USDT,1646.1,1652.8,1607.4,1614.6,86.93487565,140365.05022449
1696377600,2023-10-04 00:00:00,ETH/USDT,1655.4,1655.4,1624.3,1650.3,96.12718742,158638.697399226
1696291200,2023-10-03 00:00:00,ETH/USDT,1663.2,1668.7,1643.3,1656.8,80.40833261,133220.525468248
1696204800,2023-10-02 00:00:00,ETH/USDT,1735.5,1741.1,1640.5,1663.5,207.54626639,345253.214139765
1696118400,2023-10-01 00:00:00,ETH/USDT,1670.6,1756.0,1669.1,1733.7,226.63884222,392923.760756814
1696032000,2023-09-30 00:00:00,ETH/USDT,1669.3,1688.6,1667.1,1670.0,59.67850042,99663.0957014
1695945600,2023-09-29 00:00:00,ETH/USDT,1652.6,1687.5,1649.0,1669.2,374.77414615,625573.00475358
1695859200,2023-09-28 00:00:00,ETH/USDT,1598.4,1668.0,1598.2,1653.1,118.77394466,196345.20791744598
1695772800,2023-09-27 00:00:00,ETH/USDT,1595.7,1633.1,1585.5,1598.3,145.72806536,232917.166864888
1695686400,2023-09-26 00:00:00,ETH/USDT,1588.4,1597.0,1581.2,1593.3,78.13911919,124499.058605427
1695600000,2023-09-25 00:00:00,ETH/USDT,1580.1,1596.0,1565.2,1587.2,134.85302763,214038.72545433603
1695513600,2023-09-24 00:00:00,ETH/USDT,1593.7,1600.0,1569.1,1580.8,52.46619347,82938.558637376
1695427200,2023-09-23 00:00:00,ETH/USDT,1597.2,1597.2,1589.6,1592.9,53.46498656,85164.377091424
1695340800,2023-09-22 00:00:00,ETH/USDT,1586.2,1602.4,1577.0,1593.7,128.57819656,204915.071857672
1695254400,2023-09-21 00:00:00,ETH/USDT,1620.3,1625.6,1571.1,1583.7,108.89193262,172452.153690294
1695168000,2023-09-20 00:00:00,ETH/USDT,1641.4,1649.4,1605.5,1622.1,150.53555974,244183.73145425398
1695081600,2023-09-19 00:00:00,ETH/USDT,1636.9,1660.6,1631.4,1644.1,235.59321257,387338.80078633694
1694995200,2023-09-18 00:00:00,ETH/USDT,1621.9,1667.9,1606.0,1637.3,110.85912011,181509.63735610302
1694908800,2023-09-17 00:00:00,ETH/USDT,1632.9,1633.9,1612.9,1620.6,66.97854807,108545.435002242
1694822400,2023-09-16 00:00:00,ETH/USDT,1641.0,1652.5,1632.4,1635.2,58.92246728,96350.018496256
1694736000,2023-09-15 00:00:00,ETH/USDT,1626.5,1652.2,1613.8,1642.4,69.86673104,114749.11906009601
1694649600,2023-09-14 00:00:00,ETH/USDT,1608.4,1642.4,1608.4,1630.2,153.75188014,250646.315004228
1694563200,2023-09-13 00:00:00,ETH/USDT,1591.3,1617.4,1582.9,1605.2,190.36542658,305574.582746216
1694476800,2023-09-12 00:00:00,ETH/USDT,1551.1,1622.4,1551.1,1594.3,128.34946697,204627.555190271
1694390400,2023-09-11 00:00:00,ETH/USDT,1616.8,1618.3,1531.8,1548.1,131.91806853,204222.361891293
1694304000,2023-09-10 00:00:00,ETH/USDT,1634.1,1634.1,1595.8,1621.0,72.66162301,117784.49089921
1694217600,2023-09-09 00:00:00,ETH/USDT,1636.2,1637.5,1631.7,1633.1,10.47423095,17105.466564445
1694131200,2023-09-08 00:00:00,ETH/USDT,1644.7,1652.9,1615.9,1634.6,14.65533675,23955.613451549998
1694044800,2023-09-07 00:00:00,ETH/USDT,1633.1,1657.4,1624.7,1646.1,153.37082871,252463.721139531
1693958400,2023-09-06 00:00:00,ETH/USDT,1632.8,1667.1,1609.3,1629.2,56.86668139,92647.19732058799
1693872000,2023-09-05 00:00:00,ETH/USDT,1629.4,1647.1,1612.3,1630.4,58.35071213,95135.00105675201
1693785600,2023-09-04 00:00:00,ETH/USDT,1635.8,1643.4,1618.0,1631.1,64.76018682,105630.340722102
1693699200,2023-09-03 00:00:00,ETH/USDT,1637.1,1645.9,1626.6,1636.2,52.61736395,86092.53089498999
1693612800,2023-09-02 00:00:00,ETH/USDT,1628.4,1641.7,1628.4,1637.6,21.13500435,34610.68312356
1693526400,2023-09-01 00:00:00,ETH/USDT,1650.4,1651.8,1605.7,1630.0,67.17951120,109502.60325599999
1693440000,2023-08-31 00:00:00,ETH/USDT,1705.1,1720.4,1632.8,1646.5,241.03028970,396856.37199105
1693353600,2023-08-30 00:00:00,ETH/USDT,1717.1,1720.8,1697.1,1705.4,71.09512209,121245.62121228602
1693267200,2023-08-29 00:00:00,ETH/USDT,1654.0,1742.1,1640.7,1723.1,158.99311499,273961.036439269
1693180800,2023-08-28 00:00:00,ETH/USDT,1658.1,1662.2,1626.0,1654.1,39.99932242,66162.879214922
1693094400,2023-08-27 00:00:00,ETH/USDT,1647.8,1659.4,1646.3,1657.9,22.53520010,37361.108245790005
1693008000,2023-08-26 00:00:00,ETH/USDT,1651.7,1655.2,1645.1,1647.0,30.42949562,50117.37928614
1692921600,2023-08-25 00:00:00,ETH/USDT,1661.2,1674.9,1636.8,1655.2,215.32642094,356408.291939888
1692835200,2023-08-24 00:00:00,ETH/USDT,1679.7,1682.5,1635.8,1661.3,251.24807266,417398.42311005795
1692748800,2023-08-23 00:00:00,ETH/USDT,1634.9,1700.9,1630.2,1678.5,207.52464875,348330.122926875
1692662400,2023-08-22 00:00:00,ETH/USDT,1668.1,1668.7,1581.4,1632.1,507.51182863,828310.055507023
1692576000,2023-08-21 00:00:00,ETH/USDT,1685.1,1685.6,1648.9,1674.0,214.09288203,358391.48451822
1692489600,2023-08-20 00:00:00,ETH/USDT,1669.8,1692.0,1663.4,1683.6,114.92317272,193484.65359139198
1692403200,2023-08-19 00:00:00,ETH/USDT,1661.1,1693.4,1654.7,1668.7,159.07320805,265445.462273035
1692316800,2023-08-18 00:00:00,ETH/USDT,1688.7,1698.5,1642.3,1660.6,475.14837417,789031.390146702
1692230400,2023-08-17 00:00:00,ETH/USDT,1807.0,1809.3,1541.3,1684.8,1186.06613300,1998284.2208784
1692144000,2023-08-16 00:00:00,ETH/USDT,1830.2,1831.6,1798.6,1810.3,179.48505632,324921.79745609604
1692057600,2023-08-15 00:00:00,ETH/USDT,1844.8,1847.2,1814.1,1828.4,133.06240887,243291.30837790805
1691971200,2023-08-14 00:00:00,ETH/USDT,1840.7,1855.8,1838.1,1845.5,145.20831156,267981.93898398
1691884800,2023-08-13 00:00:00,ETH/USDT,1850.3,1861.6,1836.8,1836.8,101.28163786,186034.112421248
1691798400,2023-08-12 00:00:00,ETH/USDT,1850.8,1853.3,1846.5,1849.9,51.78019109,95788.17549739101
1691712000,2023-08-11 00:00:00,ETH/USDT,1853.3,1857.2,1839.7,1847.5,37.21827354,68760.76036515
1691625600,2023-08-10 00:00:00,ETH/USDT,1855.1,1865.3,1846.8,1853.2,125.41427082,232417.726683624
1691539200,2023-08-09 00:00:00,ETH/USDT,1857.6,1871.5,1848.2,1857.0,196.29205189,364514.34035973
1691452800,2023-08-08 00:00:00,ETH/USDT,1829.1,1875.0,1826.3,1858.0,202.35876106,375982.57804948
1691366400,2023-08-07 00:00:00,ETH/USDT,1831.9,1844.6,1804.5,1828.2,265.47158113,485335.144621866
1691280000,2023-08-06 00:00:00,ETH/USDT,1836.2,1837.3,1826.6,1828.6,66.30699094,121248.963632884
1691193600,2023-08-05 00:00:00,ETH/USDT,1832.7,1838.3,1829.4,1837.6,62.45265695,114763.00241131999
1691107200,2023-08-04 00:00:00,ETH/USDT,1835.9,1849.9,1815.2,1827.3,129.56172870,236748.14685351
1691020800,2023-08-03 00:00:00,ETH/USDT,1839.7,1858.4,1828.2,1835.3,121.33150460,222679.71039238
1690934400,2023-08-02 00:00:00,ETH/USDT,1874.3,1878.2,1821.1,1839.7,100.96619885,185747.516024345
1690848000,2023-08-01 00:00:00,ETH/USDT,1855.9,1872.5,1812.9,1872.5,416.21683902,779366.03106495
1690761600,2023-07-31 00:00:00,ETH/USDT,1862.1,1876.3,1851.9,1856.1,134.04997972,248810.167358292
1690675200,2023-07-30 00:00:00,ETH/USDT,1880.6,1884.2,1849.6,1861.0,136.78203022,254551.35823942
1690588800,2023-07-29 00:00:00,ETH/USDT,1876.1,1886.0,1869.7,1881.4,108.46567802,204067.326626828
1690502400,2023-07-28 00:00:00,ETH/USDT,1862.5,1882.3,1856.6,1876.6,98.91113115,185616.62871609
1690416000,2023-07-27 00:00:00,ETH/USDT,1871.9,1886.1,1856.7,1858.9,170.95956096,317796.727868544
1690329600,2023-07-26 00:00:00,ETH/USDT,1856.5,1886.4,1849.7,1869.5,187.58290674,350686.24415043
1690243200,2023-07-25 00:00:00,ETH/USDT,1849.8,1866.7,1846.1,1857.9,101.54576332,188661.87367222802
1690156800,2023-07-24 00:00:00,ETH/USDT,1889.5,1889.7,1832.4,1850.3,139.31565564,257775.75763069198
1690070400,2023-07-23 00:00:00,ETH/USDT,1862.7,1903.9,1859.5,1888.6,297.86356242,562545.123986412
1689984000,2023-07-22 00:00:00,ETH/USDT,1891.5,1896.1,1850.4,1864.3,136.09565075,253723.121693225
1689897600,2023-07-21 00:00:00,ETH/USDT,1889.7,1904.9,1885.7,1891.7,86.97207762,164525.079233754
1689811200,2023-07-20 00:00:00,ETH/USDT,1890.0,1927.4,1880.1,1891.4,182.57104142,345314.86774178804
1689724800,2023-07-19 00:00:00,ETH/USDT,1896.2,1921.9,1884.0,1889.9,104.19395459,196916.15477964102
1689638400,2023-07-18 00:00:00,ETH/USDT,1912.4,1915.3,1877.9,1896.3,70.08297244,132898.340637972
1689552000,2023-07-17 00:00:00,ETH/USDT,1921.7,1934.2,1875.0,1912.4,172.64428867,330164.93765250803
1689465600,2023-07-16 00:00:00,ETH/USDT,1932.9,1942.6,1914.1,1923.2,70.68469275,135940.8010968
1689379200,2023-07-15 00:00:00,ETH/USDT,1937.3,1945.0,1925.6,1930.6,175.28943740,338413.78784443997
1689292800,2023-07-14 00:00:00,ETH/USDT,2004.5,2025.5,1898.2,1932.8,597.88992531,1155601.647639168
1689206400,2023-07-13 00:00:00,ETH/USDT,1874.5,2010.1,1864.7,2005.2,384.73526504,771471.1534582081
1689120000,2023-07-12 00:00:00,ETH/USDT,1878.6,1901.3,1865.8,1871.3,137.40648007,257128.74615499098
1689033600,2023-07-11 00:00:00,ETH/USDT,1878.1,1887.5,1862.6,1877.6,70.31821567,132029.481741992
1688947200,2023-07-10 00:00:00,ETH/USDT,1860.9,1901.8,1847.4,1880.2,52.14514740,98043.30614148
1688860800,2023-07-09 00:00:00,ETH/USDT,1864.5,1878.1,1857.0,1862.9,143.07766034,266539.373447386
1688774400,2023-07-08 00:00:00,ETH/USDT,1869.5,1872.5,1844.4,1864.2,162.43252375,302806.71077475
1688688000,2023-07-07 00:00:00,ETH/USDT,1845.8,1875.4,1825.9,1868.6,325.51356590,608254.64924074
1688601600,2023-07-06 00:00:00,ETH/USDT,1909.8,1957.8,1845.8,1845.8,246.85809871,455650.678598918
1688515200,2023-07-05 00:00:00,ETH/USDT,1936.9,1942.3,1896.1,1911.7,125.75275093,240401.53395288103
1688428800,2023-07-04 00:00:00,ETH/USDT,1953.4,1965.9,1932.7,1935.5,105.51945060,204232.8966363
1688342400,2023-07-03 00:00:00,ETH/USDT,1937.6,1974.0,1934.1,1954.0,506.43415286,989572.33468844
1688256000,2023-07-02 00:00:00,ETH/USDT,1923.9,1959.5,1888.3,1937.6,202.88313390,393106.36024464
1688169600,2023-07-01 00:00:00,ETH/USDT,1936.1,1942.4,1909.4,1922.2,191.89369632,368858.063066304
1688083200,2023-06-30 00:00:00,ETH/USDT,1850.7,1947.3,1826.6,1934.3,551.78326534,1067314.370147162
1687996800,2023-06-29 00:00:00,ETH/USDT,1830.7,1879.3,1829.8,1856.4,326.27040110,605688.3726020401
1687910400,2023-06-28 00:00:00,ETH/USDT,1887.5,1887.5,1817.6,1833.5,197.00766859,361213.560359765
1687824000,2023-06-27 00:00:00,ETH/USDT,1858.2,1910.7,1855.9,1890.2,147.98970213,279730.134966126
1687737600,2023-06-26 00:00:00,ETH/USDT,1900.1,1907.4,1837.3,1859.8,277.71883577,516501.490765046
1687651200,2023-06-25 00:00:00,ETH/USDT,1875.3,1929.2,1869.4,1898.3,382.47789372,726057.785648676
1687564800,2023-06-24 00:00:00,ETH/USDT,1889.2,1903.3,1867.1,1876.1,133.21996839,249933.98269647898
1687478400,2023-06-23 00:00:00,ETH/USDT,1875.0,1939.5,1862.0,1891.1,252.62306243,477735.473361373
1687392000,2023-06-22 00:00:00,ETH/USDT,1887.1,1933.1,1866.1,1873.9,503.84598868,944156.9981874521
1687305600,2023-06-21 00:00:00,ETH/USDT,1789.7,1901.0,1788.4,1891.4,377.35473434,713728.744530676
1687219200,2023-06-20 00:00:00,ETH/USDT,1736.5,1796.0,1714.5,1792.1,199.49302248,357511.445586408
1687132800,2023-06-19 00:00:00,ETH/USDT,1720.6,1752.6,1699.1,1735.8,81.49953098,141466.885875084
1687046400,2023-06-18 00:00:00,ETH/USDT,1727.4,1746.0,1718.1,1720.9,65.48581629,112694.54125346101
1686960000,2023-06-17 00:00:00,ETH/USDT,1718.3,1768.5,1715.6,1731.5,103.05315599,178436.53959668498
1686873600,2023-06-16 00:00:00,ETH/USDT,1663.2,1727.3,1651.2,1716.5,145.31389316,249431.29760914
1686787200,2023-06-15 00:00:00,ETH/USDT,1649.2,1677.7,1628.0,1664.2,297.25548887,494692.584577454
1686700800,2023-06-14 00:00:00,ETH/USDT,1740.2,1748.5,1632.3,1652.1,91.69858953,151495.239762513
1686614400,2023-06-13 00:00:00,ETH/USDT,1742.3,1766.3,1725.3,1735.5,302.49238484,524975.53388982
1686528000,2023-06-12 00:00:00,ETH/USDT,1751.7,1755.8,1720.4,1741.3,119.65833596,208361.060407148
1686441600,2023-06-11 00:00:00,ETH/USDT,1751.6,1776.2,1740.4,1751.3,129.18642365,226244.183738245
1686355200,2023-06-10 00:00:00,ETH/USDT,1840.2,1842.0,1718.4,1751.9,564.19417589,988411.776741691
1686268800,2023-06-09 00:00:00,ETH/USDT,1845.7,1854.5,1828.9,1840.5,59.83390316,110124.29876598
1686182400,2023-06-08 00:00:00,ETH/USDT,1831.4,1859.5,1830.5,1848.1,179.45535154,331651.435181074
1686096000,2023-06-07 00:00:00,ETH/USDT,1881.5,1896.5,1820.4,1833.3,366.85264285,672550.950136905
1686009600,2023-06-06 00:00:00,ETH/USDT,1809.6,1895.6,1796.9,1884.0,359.80063866,677864.40323544
1685923200,2023-06-05 00:00:00,ETH/USDT,1888.5,1889.8,1777.3,1809.9,564.05406487,1020881.4520082131
1685836800,2023-06-04 00:00:00,ETH/USDT,1891.8,1911.9,1885.5,1891.1,122.91199232,232438.868676352
1685750400,2023-06-03 00:00:00,ETH/USDT,1907.1,1907.3,1882.6,1891.0,136.20511011,257563.86321801
1685664000,2023-06-02 00:00:00,ETH/USDT,1861.6,1910.0,1848.4,1906.6,256.94408597,489889.594310402
1685577600,2023-06-01 00:00:00,ETH/USDT,1874.9,1888.0,1839.8,1861.3,220.98311321,411315.868617773
1685491200,2023-05-31 00:00:00,ETH/USDT,1899.6,1906.1,1848.1,1874.5,322.49220398,604511.63636051
1685404800,2023-05-30 00:00:00,ETH/USDT,1893.2,1917.4,1882.5,1900.5,365.93972192,695468.44150896
1685318400,2023-05-29 00:00:00,ETH/USDT,1910.3,1925.5,1874.4,1892.2,463.62687729,877274.777208138
1685232000,2023-05-28 00:00:00,ETH/USDT,1830.3,1919.9,1823.7,1910.1,417.18245797,796860.212968497
1685145600,2023-05-27 00:00:00,ETH/USDT,1828.0,1835.6,1812.7,1830.3,114.24225008,209097.590321424
1685059200,2023-05-26 00:00:00,ETH/USDT,1805.7,1836.9,1798.5,1828.8,391.45247385,715888.2841768799
1684972800,2023-05-25 00:00:00,ETH/USDT,1804.1,1815.6,1764.6,1808.6,567.82623064,1026970.5207355039
1684886400,2023-05-24 00:00:00,ETH/USDT,1851.6,1851.6,1779.6,1802.3,398.80047376,718758.093857648
1684800000,2023-05-23 00:00:00,ETH/USDT,1821.1,1872.1,1817.8,1853.6,368.98035512,683941.986250432
1684713600,2023-05-22 00:00:00,ETH/USDT,1805.1,1826.3,1793.8,1817.5,199.84819416,363224.0928858
1684627200,2023-05-21 00:00:00,ETH/USDT,1818.5,1824.2,1799.4,1804.1,89.24568303,161008.13675442297
1684540800,2023-05-20 00:00:00,ETH/USDT,1811.1,1826.9,1810.4,1819.0,25.94534977,47194.59123163
1684454400,2023-05-19 00:00:00,ETH/USDT,1802.8,1821.8,1802.0,1813.2,45.59548101,82673.726167332
1684368000,2023-05-18 00:00:00,ETH/USDT,1822.4,1831.5,1774.8,1807.4,253.33370421,457875.33698915405
1684281600,2023-05-17 00:00:00,ETH/USDT,1823.3,1833.0,1784.9,1821.6,228.32456923,415916.035309368
1684195200,2023-05-16 00:00:00,ETH/USDT,1816.8,1830.4,1798.2,1823.4,358.47862264,653649.9205217761
1684108800,2023-05-15 00:00:00,ETH/USDT,1791.8,1846.0,1786.1,1817.0,622.13196598,1130413.78218566
1684022400,2023-05-14 00:00:00,ETH/USDT,1794.9,1822.7,1791.9,1801.1,103.31864051,186087.20342256097
1683936000,2023-05-13 00:00:00,ETH/USDT,1805.3,1815.4,1789.6,1795.5,173.79440354,312047.85155607
1683849600,2023-05-12 00:00:00,ETH/USDT,1794.5,1813.5,1741.8,1808.1,704.96178279,1274641.399462599
1683763200,2023-05-11 00:00:00,ETH/USDT,1839.2,1839.2,1774.6,1797.3,467.89051555,840939.6235980149
1683676800,2023-05-10 00:00:00,ETH/USDT,1846.9,1883.6,1792.8,1841.2,218.08870090,401544.91609708
1683590400,2023-05-09 00:00:00,ETH/USDT,1843.6,1859.0,1832.4,1846.9,329.63117723,608795.821226087
1683504000,2023-05-08 00:00:00,ETH/USDT,1866.6,1883.2,1811.9,1848.4,780.64241508,1442939.4400338721
1683417600,2023-05-07 00:00:00,ETH/USDT,1897.3,1930.0,1870.0,1870.0,281.88331226,527121.7939262
1683331200,2023-05-06 00:00:00,ETH/USDT,1994.0,2017.1,1863.2,1898.0,678.77960082,1288323.6823563601
1683244800,2023-05-05 00:00:00,ETH/USDT,1876.6,1997.4,1876.2,1992.3,685.22039814,1365164.5992143222
1683158400,2023-05-04 00:00:00,ETH/USDT,1904.9,1915.3,1805.0,1875.8,658.19941099,1234650.455135042
1683072000,2023-05-03 00:00:00,ETH/USDT,1870.0,1914.9,1844.5,1903.6,614.47398105,1169712.67032678
1682985600,2023-05-02 00:00:00,ETH/USDT,1829.1,1880.5,1823.4,1868.8,865.61768878,1617666.336792064
1682899200,2023-05-01 00:00:00,ETH/USDT,1872.9,1885.6,1806.7,1831.4,1357.43638380,2486008.99329132
1682812800,2023-04-30 00:00:00,ETH/USDT,1896.4,1938.9,1868.3,1868.8,708.78637491,1324579.977431808
1682726400,2023-04-29 00:00:00,ETH/USDT,1890.9,1917.4,1884.7,1907.7,360.70274596,688112.6284678921
1682640000,2023-04-28 00:00:00,ETH/USDT,1908.5,1922.0,1875.5,1891.0,674.06327395,1274653.6510394502
1682553600,2023-04-27 00:00:00,ETH/USDT,1862.9,1938.6,1862.9,1908.9,1090.00604642,2080712.5420111383
1682467200,2023-04-26 00:00:00,ETH/USDT,1866.2,1965.0,1787.0,1861.1,1389.78684411,2586532.295573121
1682380800,2023-04-25 00:00:00,ETH/USDT,1841.4,1876.3,1804.8,1868.3,505.51831744,944459.8724731519
1682294400,2023-04-24 00:00:00,ETH/USDT,1862.0,1888.6,1808.0,1841.8,452.69538728,833774.3642923039
1682208000,2023-04-23 00:00:00,ETH/USDT,1873.4,1880.6,1839.4,1861.3,373.09584782,694443.301547366
1682121600,2023-04-22 00:00:00,ETH/USDT,1848.9,1887.1,1842.9,1874.3,240.21750648,450239.672395464
1682035200,2023-04-21 00:00:00,ETH/USDT,1945.3,1954.2,1827.4,1848.2,911.42426577,1684494.327996114
1681948800,2023-04-20 00:00:00,ETH/USDT,1935.0,1975.3,1917.1,1945.2,484.44516999,942342.7446645481
1681862400,2023-04-19 00:00:00,ETH/USDT,2101.9,2102.0,1923.6,1936.7,1183.25571380,2291611.34091646
1681776000,2023-04-18 00:00:00,ETH/USDT,2074.1,2121.3,2061.2,2105.9,522.92291582,1101223.368425338
1681689600,2023-04-17 00:00:00,ETH/USDT,2118.5,2118.5,2060.0,2074.1,522.99369760,1084741.22819216
1681603200,2023-04-16 00:00:00,ETH/USDT,2091.2,2138.7,2074.8,2116.1,354.33193231,749801.801961191
1681516800,2023-04-15 00:00:00,ETH/USDT,2098.8,2110.0,2073.6,2090.6,505.15426687,1056075.510318422
1681430400,2023-04-14 00:00:00,ETH/USDT,2010.3,2122.0,2010.3,2100.3,995.85455653,2091593.3250799591
1681344000,2023-04-13 00:00:00,ETH/USDT,1919.6,2021.6,1902.1,2011.1,755.06511289,1518511.448533079
1681257600,2023-04-12 00:00:00,ETH/USDT,1890.4,1930.8,1856.6,1917.3,1162.70258543,2229249.667044939
1681171200,2023-04-11 00:00:00,ETH/USDT,1909.6,1935.9,1884.2,1889.9,436.26791450,824502.7316135501
1681084800,2023-04-10 00:00:00,ETH/USDT,1860.8,1918.0,1848.5,1911.4,663.41475908,1268050.970505512
1680998400,2023-04-09 00:00:00,ETH/USDT,1847.4,1872.3,1826.0,1859.6,270.14808795,502367.3843518199
1680912000,2023-04-08 00:00:00,ETH/USDT,1862.9,1879.4,1848.1,1848.6,246.07724847,454898.401521642
1680825600,2023-04-07 00:00:00,ETH/USDT,1879.1,1881.8,1844.4,1866.3,142.14090936,265277.57913856796
1680739200,2023-04-06 00:00:00,ETH/USDT,1907.6,1907.6,1854.7,1870.4,326.41309652,610523.0557310081
1680652800,2023-04-05 00:00:00,ETH/USDT,1870.0,1941.0,1865.2,1912.3,753.61628943,1441140.430276989
1680566400,2023-04-04 00:00:00,ETH/USDT,1811.3,1890.0,1801.3,1872.1,528.95806774,990262.3986160541
1680480000,2023-04-03 00:00:00,ETH/USDT,1793.6,1840.0,1763.1,1812.4,1254.14359350,2273009.8488594
1680393600,2023-04-02 00:00:00,ETH/USDT,1820.5,1824.4,1772.7,1793.9,228.98451653,410775.32420316705
1680307200,2023-04-01 00:00:00,ETH/USDT,1821.3,1839.3,1807.4,1820.1,246.95496020,449482.72306001995
1680220800,2023-03-31 00:00:00,ETH/USDT,1796.8,1845.0,1781.3,1822.3,395.13186754,720048.802218142
1680134400,2023-03-30 00:00:00,ETH/USDT,1792.7,1829.6,1765.7,1792.9,437.96476271,785227.0230627591
1680048000,2023-03-29 00:00:00,ETH/USDT,1773.5,1824.0,1773.5,1792.9,304.93310579,546714.565370891
1679961600,2023-03-28 00:00:00,ETH/USDT,1715.8,1792.6,1706.1,1772.7,546.73758416,969201.715440432
1679875200,2023-03-27 00:00:00,ETH/USDT,1774.6,1778.9,1690.0,1713.3,329.47424652,564488.226562716
1679788800,2023-03-26 00:00:00,ETH/USDT,1742.6,1800.0,1739.9,1778.2,291.22495603,517856.216812546
1679702400,2023-03-25 00:00:00,ETH/USDT,1750.4,1761.7,1714.5,1738.1,196.18687565,340992.40856726497
1679616000,2023-03-24 00:00:00,ETH/USDT,1815.0,1840.0,1730.0,1748.7,860.93221706,1505512.167972822
1679529600,2023-03-23 00:00:00,ETH/USDT,1740.1,1856.5,1729.9,1818.7,799.59895794,1454230.624805478
1679443200,2023-03-22 00:00:00,ETH/USDT,1801.4,1815.6,1713.3,1733.7,366.52208444,635439.337793628
1679356800,2023-03-21 00:00:00,ETH/USDT,1742.4,1830.3,1720.0,1801.9,285.56236973,514554.834016487
1679270400,2023-03-20 00:00:00,ETH/USDT,1783.7,1801.5,1724.8,1731.9,688.23301674,1191950.7616920061
1679184000,2023-03-19 00:00:00,ETH/USDT,1759.4,1834.5,1759.4,1778.6,553.55587146,984554.4729787561
1679097600,2023-03-18 00:00:00,ETH/USDT,1785.8,1834.5,1750.0,1757.8,674.20254164,1185113.227694792
1679011200,2023-03-17 00:00:00,ETH/USDT,1672.7,1793.3,1663.0,1789.7,862.70948509,1543991.165465573
1678924800,2023-03-16 00:00:00,ETH/USDT,1649.6,1690.0,1634.1,1673.9,286.53490554,479630.77838340605
1678838400,2023-03-15 00:00:00,ETH/USDT,1692.6,1715.8,1614.8,1649.4,424.82793250,700711.1918655
1678752000,2023-03-14 00:00:00,ETH/USDT,1672.9,1778.2,1655.0,1700.2,2330.37206797,3962098.589962594
1678665600,2023-03-13 00:00:00,ETH/USDT,1580.2,1690.0,1560.0,1668.3,957.05660157,1596657.528399231
1678579200,2023-03-12 00:00:00,ETH/USDT,1469.5,1584.0,1453.4,1580.0,395.19487576,624407.9037008
1678492800,2023-03-11 00:00:00,ETH/USDT,1426.8,1472.8,1409.6,1472.8,1178.51355719,1735714.7670294319
1678406400,2023-03-10 00:00:00,ETH/USDT,1424.6,1436.9,1371.0,1428.2,540.90811383,772524.9681720061
1678320000,2023-03-09 00:00:00,ETH/USDT,1532.3,1543.5,1408.4,1437.1,399.34526563,573899.0812368729
1678233600,2023-03-08 00:00:00,ETH/USDT,1562.9,1568.1,1525.6,1535.6,200.01921165,307149.50140973995
1678147200,2023-03-07 00:00:00,ETH/USDT,1565.0,1583.4,1534.1,1555.9,294.18229037,457718.22558668297
1678060800,2023-03-06 00:00:00,ETH/USDT,1564.1,1579.0,1556.5,1567.8,162.28115524,254424.395185272
1677974400,2023-03-05 00:00:00,ETH/USDT,1568.5,1585.4,1555.7,1563.8,172.09140340,269116.53663692
1677888000,2023-03-04 00:00:00,ETH/USDT,1570.0,1574.7,1553.3,1566.0,108.71106646,170241.53007636
1677801600,2023-03-03 00:00:00,ETH/USDT,1645.2,1647.0,1542.0,1569.5,479.72076538,752921.74126391
1677715200,2023-03-02 00:00:00,ETH/USDT,1668.0,1676.0,1620.0,1647.5,409.72009029,675013.848752775
1677628800,2023-03-01 00:00:00,ETH/USDT,1605.0,1667.9,1600.0,1665.6,707.86832398,1179025.480421088
1677542400,2023-02-28 00:00:00,ETH/USDT,1629.0,1645.5,1599.1,1608.5,272.93888727,439022.200173795
1677456000,2023-02-27 00:00:00,ETH/USDT,1639.6,1664.3,1590.1,1632.9,339.89775983,555019.052026407
1677369600,2023-02-26 00:00:00,ETH/USDT,1594.6,1650.0,1589.6,1638.8,413.18803198,677132.546808824
1677283200,2023-02-25 00:00:00,ETH/USDT,1608.3,1608.3,1560.0,1592.6,217.49080356,346375.85374965594
1677196800,2023-02-24 00:00:00,ETH/USDT,1652.2,1658.0,1560.0,1610.0,579.42630553,932876.3519033
1677110400,2023-02-23 00:00:00,ETH/USDT,1642.9,1677.3,1633.0,1650.3,264.83955734,437064.721478202
1677024000,2023-02-22 00:00:00,ETH/USDT,1659.0,1664.9,1594.8,1643.9,239.70978935,394058.922712465
1676937600,2023-02-21 00:00:00,ETH/USDT,1702.9,1714.3,1638.9,1655.0,357.96365617,592429.85096135
1676851200,2023-02-20 00:00:00,ETH/USDT,1660.0,1717.1,1651.8,1702.6,228.14130586,388433.38735723594
1676764800,2023-02-19 00:00:00,ETH/USDT,1691.2,1724.0,1670.0,1679.6,165.71465127,278334.328273092
1676678400,2023-02-18 00:00:00,ETH/USDT,1693.8,1710.3,1682.2,1690.1,454.88928170,768808.37500117
1676592000,2023-02-17 00:00:00,ETH/USDT,1644.0,1720.0,1644.0,1693.4,365.85213099,619533.998618466
1676505600,2023-02-16 00:00:00,ETH/USDT,1675.5,1740.0,1639.8,1639.8,321.48999481,527179.293489438
1676419200,2023-02-15 00:00:00,ETH/USDT,1556.1,1677.1,1545.5,1675.2,312.63345966,523723.57162243203
1676332800,2023-02-14 00:00:00,ETH/USDT,1505.6,1563.7,1496.4,1555.7,218.04204360,339208.00722852
1676246400,2023-02-13 00:00:00,ETH/USDT,1512.9,1524.2,1464.5,1507.1,182.63659178,275251.607471638
1676160000,2023-02-12 00:00:00,ETH/USDT,1535.9,1544.7,1503.7,1512.3,191.92090436,290241.983663628
1676073600,2023-02-11 00:00:00,ETH/USDT,1515.9,1540.0,1510.3,1540.0,101.39026401,156141.00657539998
1675987200,2023-02-10 00:00:00,ETH/USDT,1544.7,1552.1,1495.0,1515.9,239.58755105,363190.76863669505
1675900800,2023-02-09 00:00:00,ETH/USDT,1647.0,1655.6,1530.5,1548.1,512.42654747,793287.5381383068
1675814400,2023-02-08 00:00:00,ETH/USDT,1670.2,1692.0,1633.8,1651.3,352.10276918,581427.302746934
1675728000,2023-02-07 00:00:00,ETH/USDT,1617.5,1675.2,1617.5,1673.0,314.28491711,525798.6663250299
1675641600,2023-02-06 00:00:00,ETH/USDT,1629.1,1656.9,1608.6,1615.6,2160.57158156,3490619.4471683362
1675555200,2023-02-05 00:00:00,ETH/USDT,1666.3,1689.9,1611.9,1629.5,767.14979881,1250070.597160895
1675468800,2023-02-04 00:00:00,ETH/USDT,1664.0,1692.2,1646.7,1667.0,618.01249784,1030226.83389928
1675382400,2023-02-03 00:00:00,ETH/USDT,1646.9,1673.4,1626.1,1664.0,1576.45054688,2623213.71000832
1675296000,2023-02-02 00:00:00,ETH/USDT,1643.4,1713.1,1634.9,1640.0,2020.28188998,3313262.2995672
1675209600,2023-02-01 00:00:00,ETH/USDT,1585.9,1647.1,1559.9,1646.4,990.51601050,1630785.5596872
1675123200,2023-01-31 00:00:00,ETH/USDT,1565.6,1602.2,1561.9,1585.9,576.29112247,913940.091125173
1675036800,2023-01-30 00:00:00,ETH/USDT,1646.4,1647.2,1539.5,1566.3,1301.62390145,2038733.5168411348
1674950400,2023-01-29 00:00:00,ETH/USDT,1572.0,1660.4,1567.0,1645.8,768.46648591,1264742.142510678
1674864000,2023-01-28 00:00:00,ETH/USDT,1599.2,1604.6,1560.0,1570.8,818.31458233,1285408.545923964
1674777600,2023-01-27 00:00:00,ETH/USDT,1601.3,1621.1,1554.4,1597.1,1666.02707360,2660811.83924656
1674691200,2023-01-26 00:00:00,ETH/USDT,1616.0,1631.6,1580.0,1601.9,1355.97527508,2172136.793150652
1674604800,2023-01-25 00:00:00,ETH/USDT,1554.5,1635.5,1520.0,1612.7,1843.16722074,2972475.776887398
1674518400,2023-01-24 00:00:00,ETH/USDT,1625.4,1640.1,1540.0,1555.9,1230.02488390,1913795.7168600103
1674432000,2023-01-23 00:00:00,ETH/USDT,1626.5,1643.1,1590.0,1628.2,608.75385725,991173.03037445
1674345600,2023-01-22 00:00:00,ETH/USDT,1623.6,1662.4,1609.2,1628.0,1617.14438559,2632711.05974052
1674259200,2023-01-21 00:00:00,ETH/USDT,1655.2,1677.0,1610.1,1622.8,1568.52024644,2545394.655922832
1674172800,2023-01-20 00:00:00,ETH/USDT,1551.1,1662.0,1543.5,1658.4,1211.96256272,2009918.7140148482
1674086400,2023-01-19 00:00:00,ETH/USDT,1514.6,1563.5,1514.6,1552.8,617.38291715,958672.19375052
1674000000,2023-01-18 00:00:00,ETH/USDT,1567.3,1610.0,1504.1,1510.0,767.59262555,1159064.8645805
1673913600,2023-01-17 00:00:00,ETH/USDT,1567.6,1606.1,1545.9,1565.5,399.12749727,624834.096976185
1673827200,2023-01-16 00:00:00,ETH/USDT,1552.1,1604.1,1521.0,1576.6,726.16391403,1144870.026859698
1673740800,2023-01-15 00:00:00,ETH/USDT,1543.7,1564.9,1516.0,1554.0,148.05258297,230073.71393538002
1673654400,2023-01-14 00:00:00,ETH/USDT,1450.0,1600.7,1450.0,1553.2,2030.59129270,3153914.39582164
1673568000,2023-01-13 00:00:00,ETH/USDT,1416.1,1464.0,1402.0,1451.3,2553.55325118,3705971.833437534
1673481600,2023-01-12 00:00:00,ETH/USDT,1389.4,1435.3,1375.5,1416.8,1307.66305109,1852697.010784312
1673395200,2023-01-11 00:00:00,ETH/USDT,1335.0,1395.3,1321.6,1388.9,1333.62291942,1852268.872782438
1673308800,2023-01-10 00:00:00,ETH/USDT,1321.1,1344.7,1317.1,1335.8,1708.79524836,2282608.692759288
1673222400,2023-01-09 00:00:00,ETH/USDT,1289.9,1344.7,1285.7,1321.5,3297.38143449,4357489.565678535
1673136000,2023-01-08 00:00:00,ETH/USDT,1264.0,1293.2,1258.6,1289.1,908.21321130,1170777.6506868298
1673049600,2023-01-07 00:00:00,ETH/USDT,1269.0,1270.5,1261.7,1263.9,514.00176594,649646.8319715661
1672963200,2023-01-06 00:00:00,ETH/USDT,1251.8,1275.3,1238.7,1270.7,3091.65734717,3928568.991048919
1672876800,2023-01-05 00:00:00,ETH/USDT,1256.9,1259.0,1242.8,1250.8,1762.16053700,2204110.3996796
1672790400,2023-01-04 00:00:00,ETH/USDT,1215.0,1269.6,1215.0,1256.9,1233.94995494,1550951.6983640862
1672704000,2023-01-03 00:00:00,ETH/USDT,1214.2,1219.3,1180.0,1211.6,982.82038785,1190785.18191906
1672617600,2023-01-02 00:00:00,ETH/USDT,1199.7,1220.3,1193.7,1214.3,247.56600472,300619.399531496
1672531200,2023-01-01 00:00:00,ETH/USDT,1194.5,1203.0,1192.0,1200.0,18.54852224,22258.226688
1672444800,2022-12-31 00:00:00,ETH/USDT,1197.3,1207.3,1194.0,1194.8,44.97514215,53736.29984082
1672358400,2022-12-30 00:00:00,ETH/USDT,1200.4,1202.3,1185.7,1198.5,138.10944122,165524.16530217
1672272000,2022-12-29 00:00:00,ETH/USDT,1188.6,1206.0,1187.8,1201.0,52.74610214,63348.06867014
1672185600,2022-12-28 00:00:00,ETH/USDT,1210.3,1212.5,1183.6,1187.6,111.35345536,132243.363585536
1672099200,2022-12-27 00:00:00,ETH/USDT,1228.4,1233.0,1201.7,1213.0,63.13582189,76583.75195257
1672012800,2022-12-26 00:00:00,ETH/USDT,1218.5,1229.7,1212.8,1227.4,61.71708346,75751.548238804
1671926400,2022-12-25 00:00:00,ETH/USDT,1219.8,1222.7,1193.9,1218.5,74.25200851,90476.072369435
1671840000,2022-12-24 00:00:00,ETH/USDT,1220.3,1225.5,1214.5,1221.7,65.28380010,79757.21858217
1671753600,2022-12-23 00:00:00,ETH/USDT,1215.6,1230.6,1214.1,1221.0,243.57990023,297411.05818083
1671667200,2022-12-22 00:00:00,ETH/USDT,1213.6,1231.6,1185.1,1217.8,284.49977690,346463.82830881997
1671580800,2022-12-21 00:00:00,ETH/USDT,1213.4,1220.6,1202.6,1214.0,150.25147822,182405.29455908
1671494400,2022-12-20 00:00:00,ETH/USDT,1166.8,1231.3,1165.1,1220.3,370.21711466,451775.945019598
1671408000,2022-12-19 00:00:00,ETH/USDT,1182.0,1194.7,1152.0,1166.3,166.90018844,194655.689777572
1671321600,2022-12-18 00:00:00,ETH/USDT,1188.0,1196.4,1171.8,1182.8,168.07221311,198795.813666508
1671235200,2022-12-17 00:00:00,ETH/USDT,1166.3,1190.1,1162.3,1187.0,105.85409924,125648.81579788
1671148800,2022-12-16 00:00:00,ETH/USDT,1265.7,1279.1,1157.4,1167.8,775.75896263,905931.316559314
1671062400,2022-12-15 00:00:00,ETH/USDT,1308.2,1310.2,1260.3,1266.2,727.48627505,921143.12146831
1670976000,2022-12-14 00:00:00,ETH/USDT,1321.3,1348.8,1301.4,1308.1,417.59940424,546261.780686344
1670889600,2022-12-13 00:00:00,ETH/USDT,1274.3,1354.5,1255.2,1321.6,1205.32919867,1592963.068962272
1670803200,2022-12-12 00:00:00,ETH/USDT,1260.5,1278.9,1241.1,1274.7,65.87268953,83967.91734389101
1670716800,2022-12-11 00:00:00,ETH/USDT,1265.9,1282.2,1255.2,1263.8,80.83652236,102161.196958568
1670630400,2022-12-10 00:00:00,ETH/USDT,1265.5,1279.8,1259.8,1263.1,19.42617706,24537.204244485998
1670544000,2022-12-09 00:00:00,ETH/USDT,1280.9,1294.7,1256.8,1261.4,75.20226366,94860.13538072401
1670457600,2022-12-08 00:00:00,ETH/USDT,1230.9,1294.3,1222.8,1280.7,77.45267941,99193.646520387
1670371200,2022-12-07 00:00:00,ETH/USDT,1272.3,1275.9,1223.1,1231.8,130.80230316,161122.277032488
1670284800,2022-12-06 00:00:00,ETH/USDT,1261.1,1271.7,1240.4,1271.7,71.44701382,90859.167474894
1670198400,2022-12-05 00:00:00,ETH/USDT,1278.4,1304.6,1250.5,1258.7,153.25297496,192899.519582152
1670112000,2022-12-04 00:00:00,ETH/USDT,1241.5,1284.8,1241.5,1281.0,213.34526325,273295.28222324996
1670025600,2022-12-03 00:00:00,ETH/USDT,1295.6,1303.1,1090.5,1237.5,91.00185852,112614.7999185
1669939200,2022-12-02 00:00:00,ETH/USDT,1275.9,1296.2,1265.9,1295.0,199.43883223,258273.28773785
1669852800,2022-12-01 00:00:00,ETH/USDT,1295.3,1295.6,1264.2,1276.1,616.21464280,786351.5056770799
1669766400,2022-11-30 00:00:00,ETH/USDT,1217.6,1308.1,1212.1,1296.1,374.48185245,485365.928960445
1669680000,2022-11-29 00:00:00,ETH/USDT,1167.8,1225.6,1160.3,1216.7,212.89231575,259026.080573025
1669593600,2022-11-28 00:00:00,ETH/USDT,1193.6,1199.5,1153.3,1172.6,143.37916184,168126.40517358397
1669507200,2022-11-27 00:00:00,ETH/USDT,1205.6,1222.5,1192.3,1193.3,126.59530610,151066.17876913
1669420800,2022-11-26 00:00:00,ETH/USDT,1199.4,1230.9,1197.6,1207.8,164.81736063,199066.408168914
1669334400,2022-11-25 00:00:00,ETH/USDT,1203.6,1204.2,1171.5,1200.8,212.75002808,255470.23371846398
1669248000,2022-11-24 00:00:00,ETH/USDT,1184.3,1215.9,1180.6,1204.6,369.87364919,445549.7978142739
1669161600,2022-11-23 00:00:00,ETH/USDT,1137.7,1188.8,1129.2,1184.5,433.68471133,513699.54057038506
1669075200,2022-11-22 00:00:00,ETH/USDT,1105.6,1148.3,1077.4,1140.0,345.61482156,394000.8965784
1668988800,2022-11-21 00:00:00,ETH/USDT,1143.5,1145.3,1078.6,1107.3,289.43501805,320491.39548676496
1668902400,2022-11-20 00:00:00,ETH/USDT,1217.9,1226.4,1136.2,1143.0,203.82414905,232971.00236415
1668816000,2022-11-19 00:00:00,ETH/USDT,1212.5,1232.8,1197.2,1219.2,167.27644452,203943.44115878403
1668729600,2022-11-18 00:00:00,ETH/USDT,1200.5,1229.8,1200.2,1212.9,200.52811447,243220.55004066302
1668643200,2022-11-17 00:00:00,ETH/USDT,1216.1,1227.7,1183.9,1200.8,172.96159392,207692.281979136
1668556800,2022-11-16 00:00:00,ETH/USDT,1253.9,1266.5,1187.4,1216.6,293.78864314,357423.26324412395
1668470400,2022-11-15 00:00:00,ETH/USDT,1240.8,1286.5,1235.3,1253.6,452.27754398,566975.129133328
1668384000,2022-11-14 00:00:00,ETH/USDT,1222.0,1289.4,1178.6,1242.3,707.38119021,878779.652597883
1668297600,2022-11-13 00:00:00,ETH/USDT,1255.2,1273.7,1205.7,1222.0,291.36110293,356043.26778046
1668211200,2022-11-12 00:00:00,ETH/USDT,1289.8,1289.8,1237.6,1257.8,259.18717636,326005.630425608
1668124800,2022-11-11 00:00:00,ETH/USDT,1300.3,1311.0,1201.0,1288.9,791.18121296,1019753.4653841441
1668038400,2022-11-10 00:00:00,ETH/USDT,1101.7,1381.7,1099.0,1301.4,458.87535121,597180.3820646941
1667952000,2022-11-09 00:00:00,ETH/USDT,1318.3,1375.5,1085.6,1102.7,730.54459532,805571.525259364
1667865600,2022-11-08 00:00:00,ETH/USDT,1567.5,1577.2,1222.0,1334.2,1043.86080278,1392719.083069076
1667779200,2022-11-07 00:00:00,ETH/USDT,1567.4,1607.4,1546.8,1568.0,1088.54969225,1706845.9174479998
1667692800,2022-11-06 00:00:00,ETH/USDT,1625.8,1637.6,1566.9,1567.4,402.20828318,630421.2630563321
1667606400,2022-11-05 00:00:00,ETH/USDT,1645.2,1665.5,1621.0,1628.3,432.57029279,704354.207749957
1667520000,2022-11-04 00:00:00,ETH/USDT,1529.9,1674.8,1528.3,1645.2,538.16815565,885394.2496753801
1667433600,2022-11-03 00:00:00,ETH/USDT,1518.0,1558.9,1515.6,1530.6,281.65458368,431100.5057806079
1667347200,2022-11-02 00:00:00,ETH/USDT,1579.3,1620.0,1502.7,1518.2,454.22190566,689599.6971730121
1667260800,2022-11-01 00:00:00,ETH/USDT,1571.8,1609.8,1564.5,1578.3,2035.97001522,3213371.475021726
1667174400,2022-10-31 00:00:00,ETH/USDT,1582.8,1633.4,1548.7,1573.9,479.38584177,754505.376361803
1667088000,2022-10-30 00:00:00,ETH/USDT,1619.5,1639.8,1577.6,1583.5,96.10226820,152177.94169469998
1667001600,2022-10-29 00:00:00,ETH/USDT,1551.2,1660.3,1550.8,1620.3,1352.87062301,2192056.270463103
1666915200,2022-10-28 00:00:00,ETH/USDT,1510.1,1573.1,1480.0,1554.2,1262.93784508,1962857.998823336
1666828800,2022-10-27 00:00:00,ETH/USDT,1564.6,1575.1,1506.5,1515.0,1083.77558934,1641920.0178500998
1666742400,2022-10-26 00:00:00,ETH/USDT,1466.4,1590.0,1466.2,1565.8,787.49554519,1233060.524658502
1666656000,2022-10-25 00:00:00,ETH/USDT,1344.5,1518.1,1335.2,1459.8,1993.06907181,2909482.231028238
1666569600,2022-10-24 00:00:00,ETH/USDT,1364.5,1366.5,1324.7,1344.1,277.58172059,373097.59064501897
1666483200,2022-10-23 00:00:00,ETH/USDT,1314.0,1370.4,1301.6,1362.2,516.84536474,704046.7558488281
1666396800,2022-10-22 00:00:00,ETH/USDT,1299.0,1319.1,1294.8,1313.2,200.00518166,262646.80455591204
1666310400,2022-10-21 00:00:00,ETH/USDT,1279.9,1305.9,1256.8,1300.5,923.79776151,1201398.988843755
1666224000,2022-10-20 00:00:00,ETH/USDT,1284.4,1310.4,1272.9,1281.8,467.55698896,599314.548448928
1666137600,2022-10-19 00:00:00,ETH/USDT,1310.8,1312.9,1282.0,1283.5,462.27714217,593332.711975195
1666051200,2022-10-18 00:00:00,ETH/USDT,1332.9,1339.7,1287.9,1310.6,769.68076972,1008743.6167950318
1665964800,2022-10-17 00:00:00,ETH/USDT,1307.4,1337.3,1296.2,1331.3,593.32379935,789891.9740746549
1665878400,2022-10-16 00:00:00,ETH/USDT,1275.4,1314.4,1275.4,1306.6,261.29365771,341406.29316388594
1665792000,2022-10-15 00:00:00,ETH/USDT,1296.6,1301.3,1264.1,1274.4,241.72371520,308052.70265088003
1665705600,2022-10-14 00:00:00,ETH/USDT,1284.8,1342.2,1284.8,1297.8,454.66012682,590057.912586996
1665619200,2022-10-13 00:00:00,ETH/USDT,1292.7,1299.8,1177.0,1289.2,536.38188996,691503.532536432
1665532800,2022-10-12 00:00:00,ETH/USDT,1280.4,1303.7,1277.8,1294.4,177.21953847,229392.970595568
1665446400,2022-10-11 00:00:00,ETH/USDT,1285.0,1296.6,1270.4,1279.5,664.55939483,850303.745684985
1665360000,2022-10-10 00:00:00,ETH/USDT,1323.4,1337.6,1289.9,1293.2,284.06116191,367347.894582012
1665273600,2022-10-09 00:00:00,ETH/USDT,1313.9,1326.7,1308.4,1322.7,114.39798990,151314.22124073
1665187200,2022-10-08 00:00:00,ETH/USDT,1331.9,1336.2,1304.3,1311.3,134.10367156,175850.144516628
1665100800,2022-10-07 00:00:00,ETH/USDT,1353.7,1360.9,1319.8,1332.9,529.82003049,706197.1186401211
1665014400,2022-10-06 00:00:00,ETH/USDT,1351.6,1380.0,1348.7,1351.1,739.73860886,999460.8344307459
1664928000,2022-10-05 00:00:00,ETH/USDT,1356.2,1357.7,1318.2,1351.8,307.78430781,416062.82729755796
1664841600,2022-10-04 00:00:00,ETH/USDT,1323.1,1370.0,1319.1,1364.3,582.79007936,795100.505270848
1664755200,2022-10-03 00:00:00,ETH/USDT,1264.3,1328.0,1264.0,1324.5,563.94100556,746939.86186422
1664668800,2022-10-02 00:00:00,ETH/USDT,1310.7,1313.8,1269.0,1274.0,198.87986727,253372.95090198002
1664582400,2022-10-01 00:00:00,ETH/USDT,1328.1,1332.5,1303.9,1311.2,59.86374806,78493.346456272
1664496000,2022-09-30 00:00:00,ETH/USDT,1334.0,1370.4,1317.3,1325.2,562.35260836,745229.6765986719
1664409600,2022-09-29 00:00:00,ETH/USDT,1337.4,1351.7,1292.2,1336.3,938.85406250,1254590.68371875
1664323200,2022-09-28 00:00:00,ETH/USDT,1331.2,1355.2,1266.0,1337.4,803.76248333,1074951.945205542
1664236800,2022-09-27 00:00:00,ETH/USDT,1333.2,1400.0,1304.4,1330.2,779.64002520,1037077.16152104
1664150400,2022-09-26 00:00:00,ETH/USDT,1309.0,1336.0,1281.6,1335.1,111.10524476,148336.61227907598
1664064000,2022-09-25 00:00:00,ETH/USDT,1322.0,1335.3,1283.0,1298.4,46.10050724,59856.898600416
1663977600,2022-09-24 00:00:00,ETH/USDT,1328.6,1346.4,1313.6,1315.7,51.34791661,67558.453883777
1663891200,2022-09-23 00:00:00,ETH/USDT,1332.9,1356.9,1264.1,1328.5,200.46255470,266314.50391895
1663804800,2022-09-22 00:00:00,ETH/USDT,1248.4,1337.5,1239.1,1325.9,329.69944714,437148.49696292606
1663718400,2022-09-21 00:00:00,ETH/USDT,1325.2,1385.4,1225.0,1248.2,199.66726900,249224.6851658
1663632000,2022-09-20 00:00:00,ETH/USDT,1379.4,1379.8,1315.8,1324.4,103.94839943,137669.260205092
1663545600,2022-09-19 00:00:00,ETH/USDT,1338.5,1391.6,1285.0,1380.4,276.99722234,382366.96571813605
1663459200,2022-09-18 00:00:00,ETH/USDT,1465.4,1465.4,1327.1,1332.7,84.76441565,112965.536736755
1663372800,2022-09-17 00:00:00,ETH/USDT,1448.4,1468.7,1416.3,1464.8,80.55373404,117995.10962179198
1663286400,2022-09-16 00:00:00,ETH/USDT,1473.0,1477.9,1412.9,1438.0,220.73674739,317419.44274682
1663200000,2022-09-15 00:00:00,ETH/USDT,1632.3,1660.0,1461.2,1471.5,777.25527591,1143731.138501565
1663113600,2022-09-14 00:00:00,ETH/USDT,1571.9,1645.9,1557.3,1633.4,140.00189900,228679.10182660003
1663027200,2022-09-13 00:00:00,ETH/USDT,1717.1,1756.8,1562.9,1575.4,300.80241264,473884.120873056
1662940800,2022-09-12 00:00:00,ETH/USDT,1766.8,1766.8,1694.3,1714.1,161.00191238,275973.37801055796
1662854400,2022-09-11 00:00:00,ETH/USDT,1774.6,1785.5,1717.8,1762.7,70.77320564,124751.929581628
1662768000,2022-09-10 00:00:00,ETH/USDT,1719.8,1782.4,1712.1,1779.5,117.08145533,208346.449759735
1662681600,2022-09-09 00:00:00,ETH/USDT,1640.0,1740.0,1634.7,1716.9,118.85218802,204057.321611538
1662595200,2022-09-08 00:00:00,ETH/USDT,1624.9,1656.4,1600.0,1635.0,138.81904805,226969.14356174998
1662508800,2022-09-07 00:00:00,ETH/USDT,1558.7,1653.4,1495.6,1622.3,405.26366624,657459.245741152
1662422400,2022-09-06 00:00:00,ETH/USDT,1618.3,1683.0,1557.8,1560.5,376.30841671,587229.284275955
1662336000,2022-09-05 00:00:00,ETH/USDT,1575.5,1606.2,1559.0,1603.2,18.20895508,29192.596784256
1662249600,2022-09-04 00:00:00,ETH/USDT,1550.7,1574.1,1542.4,1574.1,12.74717855,20065.333755555
1662163200,2022-09-03 00:00:00,ETH/USDT,1575.4,1580.5,1537.1,1554.7,4.82023330,7494.01671151
1662076800,2022-09-02 00:00:00,ETH/USDT,1577.8,1669.8,1551.3,1575.1,68.38280859,107709.76181010899
1661990400,2022-09-01 00:00:00,ETH/USDT,1531.9,1609.9,1519.2,1586.2,54.00826443,85667.909038866
1661904000,2022-08-31 00:00:00,ETH/USDT,1541.6,1612.0,1538.9,1553.7,157.18911034,244224.72073525802
1661817600,2022-08-30 00:00:00,ETH/USDT,1548.3,1598.5,1482.1,1547.0,37.84689782,58549.15092754
1661731200,2022-08-29 00:00:00,ETH/USDT,1428.3,1553.8,1423.6,1550.6,75.92628825,117731.30256044999
1661644800,2022-08-28 00:00:00,ETH/USDT,1481.4,1503.1,1423.7,1427.6,40.23333301,57437.106205076
1661558400,2022-08-27 00:00:00,ETH/USDT,1504.8,1517.5,1448.3,1492.0,107.54401900,160455.676348
1661472000,2022-08-26 00:00:00,ETH/USDT,1684.2,1711.0,1496.9,1496.9,641.65990791,960500.716150479
1661385600,2022-08-25 00:00:00,ETH/USDT,1659.0,1720.0,1659.0,1698.3,103.53648247,175836.00817880098
1661299200,2022-08-24 00:00:00,ETH/USDT,1660.7,1689.9,1585.8,1662.8,60.87244501,101218.70156262799
1661212800,2022-08-23 00:00:00,ETH/USDT,1624.2,1696.3,1570.2,1661.5,83.32752785,138448.687522775
1661126400,2022-08-22 00:00:00,ETH/USDT,1608.9,1626.4,1534.3,1626.4,163.20834109,265442.045948776
1661040000,2022-08-21 00:00:00,ETH/USDT,1590.7,1703.7,1567.4,1619.8,38.01391378,61574.937540844
1660953600,2022-08-20 00:00:00,ETH/USDT,1634.9,1649.9,1532.7,1573.7,71.26451271,112148.96365172701
1660867200,2022-08-19 00:00:00,ETH/USDT,1840.2,1840.2,1612.0,1619.4,751.44686214,1216893.0485495161
1660780800,2022-08-18 00:00:00,ETH/USDT,1836.6,1880.0,1835.0,1846.7,66.36079746,122548.484669382
1660694400,2022-08-17 00:00:00,ETH/USDT,1877.4,1953.9,1826.0,1832.3,212.15829283,388737.63995240896
1660608000,2022-08-16 00:00:00,ETH/USDT,1887.7,1913.5,1863.7,1879.3,89.78491048,168732.782265064
1660521600,2022-08-15 00:00:00,ETH/USDT,1933.9,2004.6,1850.3,1907.5,238.97903485,455852.508976375
1660435200,2022-08-14 00:00:00,ETH/USDT,1995.3,2028.2,1912.0,1937.2,67.33746200,130446.13138640001
1660348800,2022-08-13 00:00:00,ETH/USDT,1958.2,2012.5,1955.7,1978.0,337.78084534,668130.5120825199
1660262400,2022-08-12 00:00:00,ETH/USDT,1883.3,1959.1,1856.2,1959.1,250.00192226,489778.76589956594
1660176000,2022-08-11 00:00:00,ETH/USDT,1854.6,1941.0,1854.6,1882.3,210.71809278,396634.666039794
1660089600,2022-08-10 00:00:00,ETH/USDT,1674.44,1880.0,1669.84,1854.6,322.07561579,597321.4370441339
1660003200,2022-08-09 00:00:00,ETH/USDT,1776.93,1790.0,1650.16,1706.15,235.93300833,402537.10216222954
1659916800,2022-08-08 00:00:00,ETH/USDT,1711.83,1807.15,1674.07,1775.75,265.72883079,471867.9712753425
1659830400,2022-08-07 00:00:00,ETH/USDT,1694.03,1730.0,1670.09,1697.6,377.49198759,640830.398132784
1659744000,2022-08-06 00:00:00,ETH/USDT,1738.07,1746.31,1638.95,1696.39,179.68704968,304819.3142066552
1659657600,2022-08-05 00:00:00,ETH/USDT,1608.63,1740.98,1608.04,1737.39,243.23027012,422585.83900378685
1659571200,2022-08-04 00:00:00,ETH/USDT,1619.32,1659.96,1401.12,1608.44,741.02774178,1191898.6609886233
1659484800,2022-08-03 00:00:00,ETH/USDT,1634.52,1681.52,1401.01,1619.54,199.05782165,322382.104475041
1659398400,2022-08-02 00:00:00,ETH/USDT,1630.45,1713.74,1560.0,1630.76,344.20714830,561319.2491617079
1659312000,2022-08-01 00:00:00,ETH/USDT,1678.93,1702.79,1613.66,1634.75,346.14184085,565855.3743295375
1659225600,2022-07-31 00:00:00,ETH/USDT,1695.91,1750.56,1669.14,1679.32,671.42998051,1127545.7948700532
1659139200,2022-07-30 00:00:00,ETH/USDT,1723.10,1744.02,1676.81,1690.42,199.53256905,337293.845373501
1659052800,2022-07-29 00:00:00,ETH/USDT,1710.02,1764.12,1658.69,1734.58,299.88886148,520181.2213459784
1658966400,2022-07-28 00:00:00,ETH/USDT,1634.40,1783.71,1540.91,1723.59,364.70834674,628607.6593575967
1658880000,2022-07-27 00:00:00,ETH/USDT,1450.36,1637.69,1422.36,1637.14,339.18269333,555289.5545582762
1658793600,2022-07-26 00:00:00,ETH/USDT,1438.80,1455.42,1357.59,1453.79,324.03667413,471081.2764834527
1658707200,2022-07-25 00:00:00,ETH/USDT,1599.62,1599.62,1385.79,1448.21,540.99665897,783476.7714869437
1658620800,2022-07-24 00:00:00,ETH/USDT,1563.00,1654.08,1548.41,1597.85,118.49301842,189334.069482397
1658534400,2022-07-23 00:00:00,ETH/USDT,1527.27,1593.39,1490.57,1547.12,289.78270043,448328.61148926156
1658448000,2022-07-22 00:00:00,ETH/USDT,1573.00,1692.97,1516.61,1536.00,66.46964146,102097.36928256002
1658361600,2022-07-21 00:00:00,ETH/USDT,1524.89,1601.27,1468.78,1576.51,209.15472180,329734.510464918
1658275200,2022-07-20 00:00:00,ETH/USDT,1537.51,1623.36,1492.19,1515.02,513.00805756,777217.4673645512
1658188800,2022-07-19 00:00:00,ETH/USDT,1580.91,1619.23,1496.79,1536.96,283.16469819,435212.8145301024
1658102400,2022-07-18 00:00:00,ETH/USDT,1352.76,1596.07,1344.22,1595.16,370.89613439,591638.6777335524
1658016000,2022-07-17 00:00:00,ETH/USDT,1367.55,1384.15,1321.97,1349.22,560.11882599,755723.5224022279
1657929600,2022-07-16 00:00:00,ETH/USDT,1230.38,1410.00,1195.08,1355.35,443.01332998,600438.1167883929
1657843200,2022-07-15 00:00:00,ETH/USDT,1184.11,1287.27,1183.06,1231.78,165.10657862,203374.9814125436
1657756800,2022-07-14 00:00:00,ETH/USDT,1117.60,1199.00,1078.26,1187.56,236.90885413,281343.4788106228
1657670400,2022-07-13 00:00:00,ETH/USDT,1042.89,1114.48,1013.85,1114.48,187.51788096,208984.92797230082
1657584000,2022-07-12 00:00:00,ETH/USDT,1095.31,1095.31,1036.23,1043.59,216.25003058,225676.36941298217
1657497600,2022-07-11 00:00:00,ETH/USDT,1166.43,1170.58,1093.35,1099.89,115.52064430,127060.00145912702
1657411200,2022-07-10 00:00:00,ETH/USDT,1216.83,1216.83,1156.88,1169.14,45.91493359,53680.9854574126
1657324800,2022-07-09 00:00:00,ETH/USDT,1212.51,1231.93,1206.84,1217.03,57.26522658,69693.4987046574
1657238400,2022-07-08 00:00:00,ETH/USDT,1235.59,1264.39,1201.54,1241.88,83.14980054,103262.07429461522
1657152000,2022-07-07 00:00:00,ETH/USDT,1186.23,1248.87,1164.03,1236.61,122.08501645,150971.5521922345
1657065600,2022-07-06 00:00:00,ETH/USDT,1145.12,1198.25,1114.33,1192.15,192.83945380,229893.55484767002
1656979200,2022-07-05 00:00:00,ETH/USDT,1149.78,1173.00,1084.64,1136.83,182.54207690,207519.309282227
1656892800,2022-07-04 00:00:00,ETH/USDT,1073.08,1159.50,1049.55,1150.43,134.31647475,154521.70204664252
1656806400,2022-07-03 00:00:00,ETH/USDT,1067.20,1088.88,1043.43,1074.76,35.32947292,37970.7043154992
1656720000,2022-07-02 00:00:00,ETH/USDT,1062.29,1077.79,1039.22,1067.08,67.27758583,71790.56628747641
1656633600,2022-07-01 00:00:00,ETH/USDT,1064.53,1100.63,1039.61,1056.83,73.22586249,77387.28825530669
1656547200,2022-06-30 00:00:00,ETH/USDT,1102.36,1104.83,1001.51,1067.91,100.51965117,107345.9406809547
1656460800,2022-06-29 00:00:00,ETH/USDT,1148.46,1153.58,1089.08,1094.72,199.44604895,218337.578706544
1656374400,2022-06-28 00:00:00,ETH/USDT,1198.32,1230.91,1139.12,1144.51,162.81705052,186345.7424906452
1656288000,2022-06-27 00:00:00,ETH/USDT,1198.47,1234.39,1179.14,1191.65,104.41489441,124426.0089236765
1656201600,2022-06-26 00:00:00,ETH/USDT,1233.92,1323.99,1196.33,1198.31,106.97364137,128187.58419008469
1656115200,2022-06-25 00:00:00,ETH/USDT,1219.30,1248.90,1182.63,1241.66,77.47040524,96191.90337029842
1656028800,2022-06-24 00:00:00,ETH/USDT,1145.34,1243.49,1134.01,1225.18,276.97311524,339341.9213297432
1655942400,2022-06-23 00:00:00,ETH/USDT,1065.54,1149.74,1065.54,1145.46,182.43611043,208973.26705314784
1655856000,2022-06-22 00:00:00,ETH/USDT,1121.87,1123.97,1049.38,1059.91,211.65711585,224337.49366057353
1655769600,2022-06-21 00:00:00,ETH/USDT,1123.41,1189.11,1113.70,1125.48,189.78390433,213597.9886453284
1655683200,2022-06-20 00:00:00,ETH/USDT,1127.73,1165.68,1053.96,1130.46,204.49757459,231176.3281710114
1655596800,2022-06-19 00:00:00,ETH/USDT,997.38,1150.00,941.38,1122.93,194.72673306,218664.4903550658
1655510400,2022-06-18 00:00:00,ETH/USDT,1083.28,1095.88,886.55,994.05,759.22457446,754707.1882419629
1655424000,2022-06-17 00:00:00,ETH/USDT,1061.22,1117.33,1061.22,1082.88,157.71795278,170789.6167064064
1655337600,2022-06-16 00:00:00,ETH/USDT,1238.53,1250.00,1029.04,1064.15,291.36154188,310052.38479160203
1655251200,2022-06-15 00:00:00,ETH/USDT,1204.07,1647.95,1015.92,1240.81,357.08712967,443077.2813658327
1655164800,2022-06-14 00:00:00,ETH/USDT,1206.22,1275.31,1080.70,1214.15,98.63471216,119757.33576906401
1655078400,2022-06-13 00:00:00,ETH/USDT,1424.50,1424.50,1168.50,1207.11,331.28175018,399893.5134597798
1654992000,2022-06-12 00:00:00,ETH/USDT,1540.60,1540.68,1428.74,1460.44,82.75999851,120866.0122239444
1654905600,2022-06-11 00:00:00,ETH/USDT,1676.76,1676.76,1502.96,1531.67,270.62087121,414501.86980622075
1654819200,2022-06-10 00:00:00,ETH/USDT,1766.51,1798.16,1660.00,1664.00,66.28271138,110294.43173632
1654732800,2022-06-09 00:00:00,ETH/USDT,1783.86,1817.62,1781.97,1793.12,9.11928177,16351.9665274224
1654646400,2022-06-08 00:00:00,ETH/USDT,1799.46,1837.42,1768.35,1796.66,7.70596546,13844.9999033636
1654560000,2022-06-07 00:00:00,ETH/USDT,1780.00,1863.16,1731.74,1823.78,21.45731078,39133.4142543484
1654473600,2022-06-06 00:00:00,ETH/USDT,1822.49,1913.52,1822.49,1861.53,132.41887505,246501.70847182648
1654387200,2022-06-05 00:00:00,ETH/USDT,1792.02,1822.33,1781.60,1818.49,6.18432393,11246.1312234657
1654300800,2022-06-04 00:00:00,ETH/USDT,1754.54,1797.56,1754.54,1797.56,4.63153937,8325.4699099372
1654214400,2022-06-03 00:00:00,ETH/USDT,1828.65,1828.65,1746.09,1784.22,60.97475673,108792.3804528006
1654128000,2022-06-02 00:00:00,ETH/USDT,1811.31,1840.90,1793.50,1840.90,30.25882067,55703.462971403
1654041600,2022-06-01 00:00:00,ETH/USDT,1936.74,1942.27,1772.14,1842.37,40.95544497,75455.0831493789
1653955200,2022-05-31 00:00:00,ETH/USDT,1980.76,1997.72,1933.14,1950.80,56.21449715,109663.24104022
1653868800,2022-05-30 00:00:00,ETH/USDT,1805.94,1994.87,1805.78,1994.87,30.53937525,60922.08350496749
1653782400,2022-05-29 00:00:00,ETH/USDT,1785.80,1802.51,1774.49,1793.50,29.71243152,53289.24593112
1653696000,2022-05-28 00:00:00,ETH/USDT,1732.32,1791.19,1732.05,1785.52,30.10487219,53752.8513926888
1653609600,2022-05-27 00:00:00,ETH/USDT,1794.40,1823.62,1720.00,1732.39,133.51649788,231302.6457623332
1653523200,2022-05-26 00:00:00,ETH/USDT,1953.28,1953.77,1748.83,1843.19,155.71488056,287012.11069938645
1653436800,2022-05-25 00:00:00,ETH/USDT,1980.77,2006.81,1943.24,1953.82,46.81138048,91461.01140943359
1653350400,2022-05-24 00:00:00,ETH/USDT,1982.10,1990.73,1920.00,1982.39,41.98847605,83237.53503675951
1653264000,2022-05-23 00:00:00,ETH/USDT,2036.14,2081.00,1967.83,1973.46,36.75369085,72531.938744841
1653177600,2022-05-22 00:00:00,ETH/USDT,1974.53,2050.89,1970.38,2050.89,24.17564686,49581.5923887054
1653091200,2022-05-21 00:00:00,ETH/USDT,1972.03,1983.39,1958.48,1977.61,35.79874998,70795.96594794779
1653004800,2022-05-20 00:00:00,ETH/USDT,2036.46,2059.96,1927.10,1955.65,59.78707214,116922.587630591
1652918400,2022-05-19 00:00:00,ETH/USDT,1917.70,2025.54,1907.77,2015.89,220.97657003,445464.4577577767
1652832000,2022-05-18 00:00:00,ETH/USDT,2098.64,2098.64,1914.69,1914.69,170.19863799,325877.63017307315
1652745600,2022-05-17 00:00:00,ETH/USDT,2054.88,2112.52,2013.63,2090.00,96.41455523,201506.4204307
1652659200,2022-05-16 00:00:00,ETH/USDT,2127.67,2127.67,1985.24,2031.35,158.55551519,322081.74578120647
1652572800,2022-05-15 00:00:00,ETH/USDT,2065.46,2155.03,2021.38,2149.43,65.93034875,141712.66951371246
1652486400,2022-05-14 00:00:00,ETH/USDT,2032.77,2062.41,1958.00,2047.21,106.70406241,218445.62360637612
1652400000,2022-05-13 00:00:00,ETH/USDT,1968.95,2194.14,1968.95,2001.64,1295.53473707,2593194.151108795
1652313600,2022-05-12 00:00:00,ETH/USDT,2075.72,2166.46,1796.07,1956.60,476.73910614,932787.735073524
1652227200,2022-05-11 00:00:00,ETH/USDT,2345.60,2449.76,2019.55,2099.66,454.68339505,954680.537250683
1652140800,2022-05-10 00:00:00,ETH/USDT,2238.86,2456.53,2201.00,2353.56,346.89885494,816447.2690325864
1652054400,2022-05-09 00:00:00,ETH/USDT,2522.03,2524.87,2227.14,2248.23,408.80906486,919096.8038901978
1651968000,2022-05-08 00:00:00,ETH/USDT,2625.68,2625.83,2495.07,2516.22,179.22754180,450975.925227996
1651881600,2022-05-07 00:00:00,ETH/USDT,2665.05,2696.44,2600.00,2640.05,96.69574222,255281.594247911
1651795200,2022-05-06 00:00:00,ETH/USDT,2737.71,2744.78,2636.79,2700.02,117.74503487,317913.9490496974
1651708800,2022-05-05 00:00:00,ETH/USDT,2943.72,2953.32,2690.00,2745.18,171.23533971,470071.82986509777
1651622400,2022-05-04 00:00:00,ETH/USDT,2777.92,2965.26,2774.88,2924.63,128.41415614,375563.8934717282
1651536000,2022-05-03 00:00:00,ETH/USDT,2838.73,2853.87,2765.70,2783.77,91.79089148,255524.7299752796
1651449600,2022-05-02 00:00:00,ETH/USDT,2841.03,2883.02,2779.04,2867.18,125.18861988,358938.3071475384
1651363200,2022-05-01 00:00:00,ETH/USDT,2728.66,2846.89,2727.50,2829.01,53.98194770,152715.469862777
1651276800,2022-04-30 00:00:00,ETH/USDT,2824.89,2839.19,2724.85,2726.12,81.76586757,222903.56689992838
1651190400,2022-04-29 00:00:00,ETH/USDT,2940.31,2940.31,2783.05,2820.25,109.47354096,308742.75389244
1651104000,2022-04-28 00:00:00,ETH/USDT,2882.07,2966.77,2857.98,2934.54,123.42097280,362183.781520512
1651017600,2022-04-27 00:00:00,ETH/USDT,2820.26,2912.17,2814.06,2892.45,131.10765743,379222.3437334034
1650931200,2022-04-26 00:00:00,ETH/USDT,3012.96,3030.33,2773.15,2783.87,165.34696584,460304.4577930008
1650844800,2022-04-25 00:00:00,ETH/USDT,2921.07,3023.73,2795.48,3010.90,163.88593927,493444.174548043
1650758400,2022-04-24 00:00:00,ETH/USDT,2938.29,2965.54,2916.65,2922.28,73.21129041,213943.88973933482
1650672000,2022-04-23 00:00:00,ETH/USDT,2961.69,2976.52,2920.94,2932.13,88.18021403,258555.85096378392
1650585600,2022-04-22 00:00:00,ETH/USDT,2975.72,3024.39,2934.80,2952.67,186.08143442,549437.0689689014
1650499200,2022-04-21 00:00:00,ETH/USDT,3078.28,3175.42,2961.61,2984.69,283.79055139,847026.8208282192
1650412800,2022-04-20 00:00:00,ETH/USDT,3100.59,3160.22,3042.15,3079.65,233.77450031,719943.6398796915
1650326400,2022-04-19 00:00:00,ETH/USDT,3060.26,3122.59,3027.79,3109.57,70.32021174,218665.62082035182
1650240000,2022-04-18 00:00:00,ETH/USDT,2993.55,3063.37,2890.00,3053.08,78.85012891,240735.75157254277
1650153600,2022-04-17 00:00:00,ETH/USDT,3027.03,3077.77,2998.85,2998.85,34.43471421,103264.54270865851
1650067200,2022-04-16 00:00:00,ETH/USDT,3048.62,3072.95,3020.65,3064.03,14.74080306,45166.2627999318
1649980800,2022-04-15 00:00:00,ETH/USDT,3038.43,3039.95,2999.03,3025.51,50.85071500,153849.34673965
1649894400,2022-04-14 00:00:00,ETH/USDT,3121.86,3150.55,2985.99,3014.45,70.02040166,211072.999783987
1649808000,2022-04-13 00:00:00,ETH/USDT,3010.00,3122.18,3010.00,3116.87,45.13097048,140667.3679599976
1649721600,2022-04-12 00:00:00,ETH/USDT,2966.80,3074.19,2955.00,3028.58,80.71563274,244453.7510037092
1649635200,2022-04-11 00:00:00,ETH/USDT,3194.12,3212.76,2933.05,2999.37,117.79940384,353323.9978955808
1649548800,2022-04-10 00:00:00,ETH/USDT,3257.55,3304.84,3220.67,3226.47,67.95758531,219263.1102751557
1649462400,2022-04-09 00:00:00,ETH/USDT,3193.82,3264.48,3193.82,3257.96,24.08589311,78470.8763166556
1649376000,2022-04-08 00:00:00,ETH/USDT,3222.74,3301.54,3180.69,3186.33,63.54829960,202485.853464468
1649289600,2022-04-07 00:00:00,ETH/USDT,3164.76,3261.56,3155.00,3227.06,78.22979821,252452.25261156258
1649203200,2022-04-06 00:00:00,ETH/USDT,3359.44,3371.00,3155.01,3194.79,149.83626501,478695.4010912979
1649116800,2022-04-05 00:00:00,ETH/USDT,3511.23,3549.00,3397.89,3405.89,113.21354268,385592.8728783852
1649030400,2022-04-04 00:00:00,ETH/USDT,3480.00,3543.10,3416.84,3530.42,27.66978354,97685.9572052868
1648944000,2022-04-03 00:00:00,ETH/USDT,3455.06,3561.92,3444.08,3555.86,17.48791944,62184.593219918395
1648857600,2022-04-02 00:00:00,ETH/USDT,3444.52,3524.81,3444.52,3453.83,41.94783819,144880.7019757677
1648771200,2022-04-01 00:00:00,ETH/USDT,3284.28,3472.67,3212.67,3472.67,80.86638515,280822.2697188505
1648684800,2022-03-31 00:00:00,ETH/USDT,3423.89,3437.65,3262.51,3291.98,60.36065846,198706.0804371508
1648598400,2022-03-30 00:00:00,ETH/USDT,3384.50,3437.65,3348.51,3385.46,70.17336556,237569.12216875757
1648512000,2022-03-29 00:00:00,ETH/USDT,3336.39,3481.14,3336.39,3396.22,88.99068828,302231.9553503016
1648425600,2022-03-28 00:00:00,ETH/USDT,3280.33,3427.93,3275.95,3319.76,112.60975667,373837.36580279924
